hydrofabric,velocity_m_s,x,dt_lo_s,dt_hi_s,reaches_valid,reaches_total
TDX-Hydro,0.5,0.1,1.0,1.2589254117941673,0,15940505
TDX-Hydro,0.5,0.1,1.2589254117941673,1.5848931924611136,0,15940505
TDX-Hydro,0.5,0.1,1.5848931924611136,1.9952623149688797,1,15940505
TDX-Hydro,0.5,0.1,1.9952623149688797,2.51188643150958,19,15940505
TDX-Hydro,0.5,0.1,2.51188643150958,3.1622776601683795,93,15940505
TDX-Hydro,0.5,0.1,3.1622776601683795,3.981071705534973,1440,15940505
TDX-Hydro,0.5,0.1,3.981071705534973,5.011872336272724,10777,15940505
TDX-Hydro,0.5,0.1,5.011872336272724,6.309573444801933,15287,15940505
TDX-Hydro,0.5,0.1,6.309573444801933,7.943282347242816,30981,15940505
TDX-Hydro,0.5,0.1,7.943282347242816,10.0,43451,15940505
TDX-Hydro,0.5,0.1,10.0,12.589254117941675,56165,15940505
TDX-Hydro,0.5,0.1,12.589254117941675,15.848931924611142,72658,15940505
TDX-Hydro,0.5,0.1,15.848931924611142,19.952623149688797,97353,15940505
TDX-Hydro,0.5,0.1,19.952623149688797,25.11886431509581,124378,15940505
TDX-Hydro,0.5,0.1,25.11886431509581,31.622776601683793,162579,15940505
TDX-Hydro,0.5,0.1,31.622776601683793,39.810717055349734,212185,15940505
TDX-Hydro,0.5,0.1,39.810717055349734,50.11872336272725,274331,15940505
TDX-Hydro,0.5,0.1,50.11872336272725,63.09573444801933,351482,15940505
TDX-Hydro,0.5,0.1,63.09573444801933,79.43282347242817,444365,15940505
TDX-Hydro,0.5,0.1,79.43282347242817,100.0,583842,15940505
TDX-Hydro,0.5,0.1,100.0,125.89254117941675,756588,15940505
TDX-Hydro,0.5,0.1,125.89254117941675,158.48931924611142,979145,15940505
TDX-Hydro,0.5,0.1,158.48931924611142,199.52623149688807,1273587,15940505
TDX-Hydro,0.5,0.1,199.52623149688807,251.18864315095823,1647312,15940505
TDX-Hydro,0.5,0.1,251.18864315095823,316.22776601683796,2127302,15940505
TDX-Hydro,0.5,0.1,316.22776601683796,398.1071705534973,2735224,15940505
TDX-Hydro,0.5,0.1,398.1071705534973,501.18723362727246,3494569,15940505
TDX-Hydro,0.5,0.1,501.18723362727246,630.9573444801937,4421841,15940505
TDX-Hydro,0.5,0.1,630.9573444801937,794.3282347242822,5525316,15940505
TDX-Hydro,0.5,0.1,794.3282347242822,1000.0,6783117,15940505
TDX-Hydro,0.5,0.1,1000.0,1258.9254117941675,8142059,15940505
TDX-Hydro,0.5,0.1,1258.9254117941675,1584.893192461114,9510375,15940505
TDX-Hydro,0.5,0.1,1584.893192461114,1995.262314968881,10752246,15940505
TDX-Hydro,0.5,0.1,1995.262314968881,2511.886431509582,11726126,15940505
TDX-Hydro,0.5,0.1,2511.886431509582,3162.2776601683795,12323495,15940505
TDX-Hydro,0.5,0.1,3162.2776601683795,3981.0717055349733,12484203,15940505
TDX-Hydro,0.5,0.1,3981.0717055349733,5011.872336272725,12216441,15940505
TDX-Hydro,0.5,0.1,5011.872336272725,6309.573444801937,11562593,15940505
TDX-Hydro,0.5,0.1,6309.573444801937,7943.282347242822,10588722,15940505
TDX-Hydro,0.5,0.1,7943.282347242822,10000.0,9353544,15940505
TDX-Hydro,0.5,0.1,10000.0,12589.254117941688,7919576,15940505
TDX-Hydro,0.5,0.1,12589.254117941688,15848.93192461114,6366543,15940505
TDX-Hydro,0.5,0.1,15848.93192461114,19952.62314968879,4807158,15940505
TDX-Hydro,0.5,0.1,19952.62314968879,25118.864315095823,3368600,15940505
TDX-Hydro,0.5,0.1,25118.864315095823,31622.776601683792,2164244,15940505
TDX-Hydro,0.5,0.1,31622.776601683792,39810.71705534977,1262572,15940505
TDX-Hydro,0.5,0.1,39810.71705534977,50118.72336272725,664383,15940505
TDX-Hydro,0.5,0.1,50118.72336272725,63095.73444801943,315798,15940505
TDX-Hydro,0.5,0.1,63095.73444801943,79432.82347242821,138499,15940505
TDX-Hydro,0.5,0.1,79432.82347242821,100000.0,57837,15940505
TDX-Hydro,0.5,0.1,100000.0,125892.54117941688,24525,15940505
TDX-Hydro,0.5,0.1,125892.54117941688,158489.3192461114,11264,15940505
TDX-Hydro,0.5,0.1,158489.3192461114,199526.2314968883,5500,15940505
TDX-Hydro,0.5,0.1,199526.2314968883,251188.6431509582,2759,15940505
TDX-Hydro,0.5,0.1,251188.6431509582,316227.7660168379,1342,15940505
TDX-Hydro,0.5,0.1,316227.7660168379,398107.17055349774,628,15940505
TDX-Hydro,0.5,0.1,398107.17055349774,501187.2336272725,279,15940505
TDX-Hydro,0.5,0.1,501187.2336272725,630957.3444801943,130,15940505
TDX-Hydro,0.5,0.1,630957.3444801943,794328.2347242822,49,15940505
TDX-Hydro,0.5,0.1,794328.2347242822,1000000.0,20,15940505
TDX-Hydro,0.5,0.1,1000000.0,1258925.4117941686,4,15940505
TDX-Hydro,0.5,0.1,1258925.4117941686,1584893.1924611141,1,15940505
TDX-Hydro,0.5,0.1,1584893.1924611141,1995262.3149688828,0,15940505
TDX-Hydro,0.5,0.1,1995262.3149688828,2511886.4315095823,0,15940505
TDX-Hydro,0.5,0.1,2511886.4315095823,3162277.6601683795,0,15940505
TDX-Hydro,0.5,0.1,3162277.6601683795,3981071.7055349774,0,15940505
TDX-Hydro,0.5,0.1,3981071.7055349774,5011872.336272725,0,15940505
TDX-Hydro,0.5,0.1,5011872.336272725,6309573.444801942,0,15940505
TDX-Hydro,0.5,0.1,6309573.444801942,7943282.347242822,0,15940505
TDX-Hydro,0.5,0.1,7943282.347242822,10000000.0,0,15940505
TDX-Hydro,0.5,0.25,1.0,1.2589254117941673,0,15940505
TDX-Hydro,0.5,0.25,1.2589254117941673,1.5848931924611136,0,15940505
TDX-Hydro,0.5,0.25,1.5848931924611136,1.9952623149688797,0,15940505
TDX-Hydro,0.5,0.25,1.9952623149688797,2.51188643150958,0,15940505
TDX-Hydro,0.5,0.25,2.51188643150958,3.1622776601683795,0,15940505
TDX-Hydro,0.5,0.25,3.1622776601683795,3.981071705534973,0,15940505
TDX-Hydro,0.5,0.25,3.981071705534973,5.011872336272724,1,15940505
TDX-Hydro,0.5,0.25,5.011872336272724,6.309573444801933,24,15940505
TDX-Hydro,0.5,0.25,6.309573444801933,7.943282347242816,93,15940505
TDX-Hydro,0.5,0.25,7.943282347242816,10.0,1440,15940505
TDX-Hydro,0.5,0.25,10.0,12.589254117941675,10777,15940505
TDX-Hydro,0.5,0.25,12.589254117941675,15.848931924611142,15836,15940505
TDX-Hydro,0.5,0.25,15.848931924611142,19.952623149688797,31034,15940505
TDX-Hydro,0.5,0.25,19.952623149688797,25.11886431509581,43571,15940505
TDX-Hydro,0.5,0.25,25.11886431509581,31.622776601683793,56347,15940505
TDX-Hydro,0.5,0.25,31.622776601683793,39.810717055349734,70830,15940505
TDX-Hydro,0.5,0.25,39.810717055349734,50.11872336272725,86956,15940505
TDX-Hydro,0.5,0.25,50.11872336272725,63.09573444801933,102492,15940505
TDX-Hydro,0.5,0.25,63.09573444801933,79.43282347242817,131451,15940505
TDX-Hydro,0.5,0.25,79.43282347242817,100.0,168615,15940505
TDX-Hydro,0.5,0.25,100.0,125.89254117941675,217873,15940505
TDX-Hydro,0.5,0.25,125.89254117941675,158.48931924611142,285761,15940505
TDX-Hydro,0.5,0.25,158.48931924611142,199.52623149688807,372459,15940505
TDX-Hydro,0.5,0.25,199.52623149688807,251.18864315095823,486567,15940505
TDX-Hydro,0.5,0.25,251.18864315095823,316.22776601683796,634110,15940505
TDX-Hydro,0.5,0.25,316.22776601683796,398.1071705534973,823595,15940505
TDX-Hydro,0.5,0.25,398.1071705534973,501.18723362727246,1066675,15940505
TDX-Hydro,0.5,0.25,501.18723362727246,630.9573444801937,1378002,15940505
TDX-Hydro,0.5,0.25,630.9573444801937,794.3282347242822,1774716,15940505
TDX-Hydro,0.5,0.25,794.3282347242822,1000.0,2274601,15940505
TDX-Hydro,0.5,0.25,1000.0,1258.9254117941675,2894597,15940505
TDX-Hydro,0.5,0.25,1258.9254117941675,1584.893192461114,3643621,15940505
TDX-Hydro,0.5,0.25,1584.893192461114,1995.262314968881,4515306,15940505
TDX-Hydro,0.5,0.25,1995.262314968881,2511.886431509582,5475390,15940505
TDX-Hydro,0.5,0.25,2511.886431509582,3162.2776601683795,6454396,15940505
TDX-Hydro,0.5,0.25,3162.2776601683795,3981.0717055349733,7343359,15940505
TDX-Hydro,0.5,0.25,3981.0717055349733,5011.872336272725,7992165,15940505
TDX-Hydro,0.5,0.25,5011.872336272725,6309.573444801937,8261034,15940505
TDX-Hydro,0.5,0.25,6309.573444801937,7943.282347242822,8053330,15940505
TDX-Hydro,0.5,0.25,7943.282347242822,10000.0,7356712,15940505
TDX-Hydro,0.5,0.25,10000.0,12589.254117941688,6260940,15940505
TDX-Hydro,0.5,0.25,12589.254117941688,15848.93192461114,4930044,15940505
TDX-Hydro,0.5,0.25,15848.93192461114,19952.62314968879,3569210,15940505
TDX-Hydro,0.5,0.25,19952.62314968879,25118.864315095823,2356707,15940505
TDX-Hydro,0.5,0.25,25118.864315095823,31622.776601683792,1408776,15940505
TDX-Hydro,0.5,0.25,31622.776601683792,39810.71705534977,758739,15940505
TDX-Hydro,0.5,0.25,39810.71705534977,50118.72336272725,367626,15940505
TDX-Hydro,0.5,0.25,50118.72336272725,63095.73444801943,163722,15940505
TDX-Hydro,0.5,0.25,63095.73444801943,79432.82347242821,68500,15940505
TDX-Hydro,0.5,0.25,79432.82347242821,100000.0,28660,15940505
TDX-Hydro,0.5,0.25,100000.0,125892.54117941688,13012,15940505
TDX-Hydro,0.5,0.25,125892.54117941688,158489.3192461114,6293,15940505
TDX-Hydro,0.5,0.25,158489.3192461114,199526.2314968883,3128,15940505
TDX-Hydro,0.5,0.25,199526.2314968883,251188.6431509582,1571,15940505
TDX-Hydro,0.5,0.25,251188.6431509582,316227.7660168379,739,15940505
TDX-Hydro,0.5,0.25,316227.7660168379,398107.17055349774,334,15940505
TDX-Hydro,0.5,0.25,398107.17055349774,501187.2336272725,153,15940505
TDX-Hydro,0.5,0.25,501187.2336272725,630957.3444801943,60,15940505
TDX-Hydro,0.5,0.25,630957.3444801943,794328.2347242822,22,15940505
TDX-Hydro,0.5,0.25,794328.2347242822,1000000.0,5,15940505
TDX-Hydro,0.5,0.25,1000000.0,1258925.4117941686,1,15940505
TDX-Hydro,0.5,0.25,1258925.4117941686,1584893.1924611141,0,15940505
TDX-Hydro,0.5,0.25,1584893.1924611141,1995262.3149688828,0,15940505
TDX-Hydro,0.5,0.25,1995262.3149688828,2511886.4315095823,0,15940505
TDX-Hydro,0.5,0.25,2511886.4315095823,3162277.6601683795,0,15940505
TDX-Hydro,0.5,0.25,3162277.6601683795,3981071.7055349774,0,15940505
TDX-Hydro,0.5,0.25,3981071.7055349774,5011872.336272725,0,15940505
TDX-Hydro,0.5,0.25,5011872.336272725,6309573.444801942,0,15940505
TDX-Hydro,0.5,0.25,6309573.444801942,7943282.347242822,0,15940505
TDX-Hydro,0.5,0.25,7943282.347242822,10000000.0,0,15940505
TDX-Hydro,0.5,0.4,1.0,1.2589254117941673,0,15940505
TDX-Hydro,0.5,0.4,1.2589254117941673,1.5848931924611136,0,15940505
TDX-Hydro,0.5,0.4,1.5848931924611136,1.9952623149688797,0,15940505
TDX-Hydro,0.5,0.4,1.9952623149688797,2.51188643150958,0,15940505
TDX-Hydro,0.5,0.4,2.51188643150958,3.1622776601683795,0,15940505
TDX-Hydro,0.5,0.4,3.1622776601683795,3.981071705534973,0,15940505
TDX-Hydro,0.5,0.4,3.981071705534973,5.011872336272724,0,15940505
TDX-Hydro,0.5,0.4,5.011872336272724,6.309573444801933,0,15940505
TDX-Hydro,0.5,0.4,6.309573444801933,7.943282347242816,1,15940505
TDX-Hydro,0.5,0.4,7.943282347242816,10.0,19,15940505
TDX-Hydro,0.5,0.4,10.0,12.589254117941675,84,15940505
TDX-Hydro,0.5,0.4,12.589254117941675,15.848931924611142,1437,15940505
TDX-Hydro,0.5,0.4,15.848931924611142,19.952623149688797,10713,15940505
TDX-Hydro,0.5,0.4,19.952623149688797,25.11886431509581,14564,15940505
TDX-Hydro,0.5,0.4,25.11886431509581,31.622776601683793,28854,15940505
TDX-Hydro,0.5,0.4,31.622776601683793,39.810717055349734,32480,15940505
TDX-Hydro,0.5,0.4,39.810717055349734,50.11872336272725,35043,15940505
TDX-Hydro,0.5,0.4,50.11872336272725,63.09573444801933,40549,15940505
TDX-Hydro,0.5,0.4,63.09573444801933,79.43282347242817,52455,15940505
TDX-Hydro,0.5,0.4,79.43282347242817,100.0,63751,15940505
TDX-Hydro,0.5,0.4,100.0,125.89254117941675,83922,15940505
TDX-Hydro,0.5,0.4,125.89254117941675,158.48931924611142,108384,15940505
TDX-Hydro,0.5,0.4,158.48931924611142,199.52623149688807,143564,15940505
TDX-Hydro,0.5,0.4,199.52623149688807,251.18864315095823,188337,15940505
TDX-Hydro,0.5,0.4,251.18864315095823,316.22776601683796,245563,15940505
TDX-Hydro,0.5,0.4,316.22776601683796,398.1071705534973,319951,15940505
TDX-Hydro,0.5,0.4,398.1071705534973,501.18723362727246,414618,15940505
TDX-Hydro,0.5,0.4,501.18723362727246,630.9573444801937,537382,15940505
TDX-Hydro,0.5,0.4,630.9573444801937,794.3282347242822,694903,15940505
TDX-Hydro,0.5,0.4,794.3282347242822,1000.0,896106,15940505
TDX-Hydro,0.5,0.4,1000.0,1258.9254117941675,1151049,15940505
TDX-Hydro,0.5,0.4,1258.9254117941675,1584.893192461114,1468606,15940505
TDX-Hydro,0.5,0.4,1584.893192461114,1995.262314968881,1857530,15940505
TDX-Hydro,0.5,0.4,1995.262314968881,2511.886431509582,2315551,15940505
TDX-Hydro,0.5,0.4,2511.886431509582,3162.2776601683795,2826002,15940505
TDX-Hydro,0.5,0.4,3162.2776601683795,3981.0717055349733,3349873,15940505
TDX-Hydro,0.5,0.4,3981.0717055349733,5011.872336272725,3825263,15940505
TDX-Hydro,0.5,0.4,5011.872336272725,6309.573444801937,4162075,15940505
TDX-Hydro,0.5,0.4,6309.573444801937,7943.282347242822,4258652,15940505
TDX-Hydro,0.5,0.4,7943.282347242822,10000.0,4044853,15940505
TDX-Hydro,0.5,0.4,10000.0,12589.254117941688,3523754,15940505
TDX-Hydro,0.5,0.4,12589.254117941688,15848.93192461114,2781376,15940505
TDX-Hydro,0.5,0.4,15848.93192461114,19952.62314968879,1971171,15940505
TDX-Hydro,0.5,0.4,19952.62314968879,25118.864315095823,1242241,15940505
TDX-Hydro,0.5,0.4,25118.864315095823,31622.776601683792,694103,15940505
TDX-Hydro,0.5,0.4,31622.776601683792,39810.71705534977,343459,15940505
TDX-Hydro,0.5,0.4,39810.71705534977,50118.72336272725,153733,15940505
TDX-Hydro,0.5,0.4,50118.72336272725,63095.73444801943,63639,15940505
TDX-Hydro,0.5,0.4,63095.73444801943,79432.82347242821,25929,15940505
TDX-Hydro,0.5,0.4,79432.82347242821,100000.0,11587,15940505
TDX-Hydro,0.5,0.4,100000.0,125892.54117941688,5595,15940505
TDX-Hydro,0.5,0.4,125892.54117941688,158489.3192461114,2822,15940505
TDX-Hydro,0.5,0.4,158489.3192461114,199526.2314968883,1417,15940505
TDX-Hydro,0.5,0.4,199526.2314968883,251188.6431509582,683,15940505
TDX-Hydro,0.5,0.4,251188.6431509582,316227.7660168379,312,15940505
TDX-Hydro,0.5,0.4,316227.7660168379,398107.17055349774,149,15940505
TDX-Hydro,0.5,0.4,398107.17055349774,501187.2336272725,59,15940505
TDX-Hydro,0.5,0.4,501187.2336272725,630957.3444801943,24,15940505
TDX-Hydro,0.5,0.4,630957.3444801943,794328.2347242822,5,15940505
TDX-Hydro,0.5,0.4,794328.2347242822,1000000.0,1,15940505
TDX-Hydro,0.5,0.4,1000000.0,1258925.4117941686,0,15940505
TDX-Hydro,0.5,0.4,1258925.4117941686,1584893.1924611141,0,15940505
TDX-Hydro,0.5,0.4,1584893.1924611141,1995262.3149688828,0,15940505
TDX-Hydro,0.5,0.4,1995262.3149688828,2511886.4315095823,0,15940505
TDX-Hydro,0.5,0.4,2511886.4315095823,3162277.6601683795,0,15940505
TDX-Hydro,0.5,0.4,3162277.6601683795,3981071.7055349774,0,15940505
TDX-Hydro,0.5,0.4,3981071.7055349774,5011872.336272725,0,15940505
TDX-Hydro,0.5,0.4,5011872.336272725,6309573.444801942,0,15940505
TDX-Hydro,0.5,0.4,6309573.444801942,7943282.347242822,0,15940505
TDX-Hydro,0.5,0.4,7943282.347242822,10000000.0,0,15940505
TDX-Hydro,1.0,0.1,1.0,1.2589254117941673,19,15940505
TDX-Hydro,1.0,0.1,1.2589254117941673,1.5848931924611136,93,15940505
TDX-Hydro,1.0,0.1,1.5848931924611136,1.9952623149688797,1440,15940505
TDX-Hydro,1.0,0.1,1.9952623149688797,2.51188643150958,10777,15940505
TDX-Hydro,1.0,0.1,2.51188643150958,3.1622776601683795,15836,15940505
TDX-Hydro,1.0,0.1,3.1622776601683795,3.981071705534973,31037,15940505
TDX-Hydro,1.0,0.1,3.981071705534973,5.011872336272724,43536,15940505
TDX-Hydro,1.0,0.1,5.011872336272724,6.309573444801933,56337,15940505
TDX-Hydro,1.0,0.1,6.309573444801933,7.943282347242816,72812,15940505
TDX-Hydro,1.0,0.1,7.943282347242816,10.0,97507,15940505
TDX-Hydro,1.0,0.1,10.0,12.589254117941675,124750,15940505
TDX-Hydro,1.0,0.1,12.589254117941675,15.848931924611142,163026,15940505
TDX-Hydro,1.0,0.1,15.848931924611142,19.952623149688797,212516,15940505
TDX-Hydro,1.0,0.1,19.952623149688797,25.11886431509581,275057,15940505
TDX-Hydro,1.0,0.1,25.11886431509581,31.622776601683793,352485,15940505
TDX-Hydro,1.0,0.1,31.622776601683793,39.810717055349734,445728,15940505
TDX-Hydro,1.0,0.1,39.810717055349734,50.11872336272725,585508,15940505
TDX-Hydro,1.0,0.1,50.11872336272725,63.09573444801933,758453,15940505
TDX-Hydro,1.0,0.1,63.09573444801933,79.43282347242817,981834,15940505
TDX-Hydro,1.0,0.1,79.43282347242817,100.0,1276752,15940505
TDX-Hydro,1.0,0.1,100.0,125.89254117941675,1651792,15940505
TDX-Hydro,1.0,0.1,125.89254117941675,158.48931924611142,2132922,15940505
TDX-Hydro,1.0,0.1,158.48931924611142,199.52623149688807,2742563,15940505
TDX-Hydro,1.0,0.1,199.52623149688807,251.18864315095823,3503053,15940505
TDX-Hydro,1.0,0.1,251.18864315095823,316.22776601683796,4432384,15940505
TDX-Hydro,1.0,0.1,316.22776601683796,398.1071705534973,5537502,15940505
TDX-Hydro,1.0,0.1,398.1071705534973,501.18723362727246,6797027,15940505
TDX-Hydro,1.0,0.1,501.18723362727246,630.9573444801937,8156129,15940505
TDX-Hydro,1.0,0.1,630.9573444801937,794.3282347242822,9524424,15940505
TDX-Hydro,1.0,0.1,794.3282347242822,1000.0,10763949,15940505
TDX-Hydro,1.0,0.1,1000.0,1258.9254117941675,11734344,15940505
TDX-Hydro,1.0,0.1,1258.9254117941675,1584.893192461114,12327259,15940505
TDX-Hydro,1.0,0.1,1584.893192461114,1995.262314968881,12484174,15940505
TDX-Hydro,1.0,0.1,1995.262314968881,2511.886431509582,12211769,15940505
TDX-Hydro,1.0,0.1,2511.886431509582,3162.2776601683795,11554117,15940505
TDX-Hydro,1.0,0.1,3162.2776601683795,3981.0717055349733,10577188,15940505
TDX-Hydro,1.0,0.1,3981.0717055349733,5011.872336272725,9339502,15940505
TDX-Hydro,1.0,0.1,5011.872336272725,6309.573444801937,7904079,15940505
TDX-Hydro,1.0,0.1,6309.573444801937,7943.282347242822,6350329,15940505
TDX-Hydro,1.0,0.1,7943.282347242822,10000.0,4791581,15940505
TDX-Hydro,1.0,0.1,10000.0,12589.254117941688,3354804,15940505
TDX-Hydro,1.0,0.1,12589.254117941688,15848.93192461114,2153340,15940505
TDX-Hydro,1.0,0.1,15848.93192461114,19952.62314968879,1255027,15940505
TDX-Hydro,1.0,0.1,19952.62314968879,25118.864315095823,659671,15940505
TDX-Hydro,1.0,0.1,25118.864315095823,31622.776601683792,313181,15940505
TDX-Hydro,1.0,0.1,31622.776601683792,39810.71705534977,137287,15940505
TDX-Hydro,1.0,0.1,39810.71705534977,50118.72336272725,57325,15940505
TDX-Hydro,1.0,0.1,50118.72336272725,63095.73444801943,24330,15940505
TDX-Hydro,1.0,0.1,63095.73444801943,79432.82347242821,11184,15940505
TDX-Hydro,1.0,0.1,79432.82347242821,100000.0,5473,15940505
TDX-Hydro,1.0,0.1,100000.0,125892.54117941688,2742,15940505
TDX-Hydro,1.0,0.1,125892.54117941688,158489.3192461114,1337,15940505
TDX-Hydro,1.0,0.1,158489.3192461114,199526.2314968883,624,15940505
TDX-Hydro,1.0,0.1,199526.2314968883,251188.6431509582,279,15940505
TDX-Hydro,1.0,0.1,251188.6431509582,316227.7660168379,128,15940505
TDX-Hydro,1.0,0.1,316227.7660168379,398107.17055349774,49,15940505
TDX-Hydro,1.0,0.1,398107.17055349774,501187.2336272725,20,15940505
TDX-Hydro,1.0,0.1,501187.2336272725,630957.3444801943,4,15940505
TDX-Hydro,1.0,0.1,630957.3444801943,794328.2347242822,1,15940505
TDX-Hydro,1.0,0.1,794328.2347242822,1000000.0,0,15940505
TDX-Hydro,1.0,0.1,1000000.0,1258925.4117941686,0,15940505
TDX-Hydro,1.0,0.1,1258925.4117941686,1584893.1924611141,0,15940505
TDX-Hydro,1.0,0.1,1584893.1924611141,1995262.3149688828,0,15940505
TDX-Hydro,1.0,0.1,1995262.3149688828,2511886.4315095823,0,15940505
TDX-Hydro,1.0,0.1,2511886.4315095823,3162277.6601683795,0,15940505
TDX-Hydro,1.0,0.1,3162277.6601683795,3981071.7055349774,0,15940505
TDX-Hydro,1.0,0.1,3981071.7055349774,5011872.336272725,0,15940505
TDX-Hydro,1.0,0.1,5011872.336272725,6309573.444801942,0,15940505
TDX-Hydro,1.0,0.1,6309573.444801942,7943282.347242822,0,15940505
TDX-Hydro,1.0,0.1,7943282.347242822,10000000.0,0,15940505
TDX-Hydro,1.0,0.25,1.0,1.2589254117941673,0,15940505
TDX-Hydro,1.0,0.25,1.2589254117941673,1.5848931924611136,0,15940505
TDX-Hydro,1.0,0.25,1.5848931924611136,1.9952623149688797,0,15940505
TDX-Hydro,1.0,0.25,1.9952623149688797,2.51188643150958,1,15940505
TDX-Hydro,1.0,0.25,2.51188643150958,3.1622776601683795,24,15940505
TDX-Hydro,1.0,0.25,3.1622776601683795,3.981071705534973,93,15940505
TDX-Hydro,1.0,0.25,3.981071705534973,5.011872336272724,1545,15940505
TDX-Hydro,1.0,0.25,5.011872336272724,6.309573444801933,10809,15940505
TDX-Hydro,1.0,0.25,6.309573444801933,7.943282347242816,15836,15940505
TDX-Hydro,1.0,0.25,7.943282347242816,10.0,31034,15940505
TDX-Hydro,1.0,0.25,10.0,12.589254117941675,43571,15940505
TDX-Hydro,1.0,0.25,12.589254117941675,15.848931924611142,56347,15940505
TDX-Hydro,1.0,0.25,15.848931924611142,19.952623149688797,71018,15940505
TDX-Hydro,1.0,0.25,19.952623149688797,25.11886431509581,87107,15940505
TDX-Hydro,1.0,0.25,25.11886431509581,31.622776601683793,102869,15940505
TDX-Hydro,1.0,0.25,31.622776601683793,39.810717055349734,131841,15940505
TDX-Hydro,1.0,0.25,39.810717055349734,50.11872336272725,169159,15940505
TDX-Hydro,1.0,0.25,50.11872336272725,63.09573444801933,218363,15940505
TDX-Hydro,1.0,0.25,63.09573444801933,79.43282347242817,286384,15940505
TDX-Hydro,1.0,0.25,79.43282347242817,100.0,373289,15940505
TDX-Hydro,1.0,0.25,100.0,125.89254117941675,487915,15940505
TDX-Hydro,1.0,0.25,125.89254117941675,158.48931924611142,635658,15940505
TDX-Hydro,1.0,0.25,158.48931924611142,199.52623149688807,825819,15940505
TDX-Hydro,1.0,0.25,199.52623149688807,251.18864315095823,1069548,15940505
TDX-Hydro,1.0,0.25,251.18864315095823,316.22776601683796,1381653,15940505
TDX-Hydro,1.0,0.25,316.22776601683796,398.1071705534973,1779263,15940505
TDX-Hydro,1.0,0.25,398.1071705534973,501.18723362727246,2280419,15940505
TDX-Hydro,1.0,0.25,501.18723362727246,630.9573444801937,2901726,15940505
TDX-Hydro,1.0,0.25,630.9573444801937,794.3282347242822,3652071,15940505
TDX-Hydro,1.0,0.25,794.3282347242822,1000.0,4524546,15940505
TDX-Hydro,1.0,0.25,1000.0,1258.9254117941675,5485760,15940505
TDX-Hydro,1.0,0.25,1258.9254117941675,1584.893192461114,6464036,15940505
TDX-Hydro,1.0,0.25,1584.893192461114,1995.262314968881,7351626,15940505
TDX-Hydro,1.0,0.25,1995.262314968881,2511.886431509582,7997416,15940505
TDX-Hydro,1.0,0.25,2511.886431509582,3162.2776601683795,8261724,15940505
TDX-Hydro,1.0,0.25,3162.2776601683795,3981.0717055349733,8048708,15940505
TDX-Hydro,1.0,0.25,3981.0717055349733,5011.872336272725,7347373,15940505
TDX-Hydro,1.0,0.25,5011.872336272725,6309.573444801937,6248039,15940505
TDX-Hydro,1.0,0.25,6309.573444801937,7943.282347242822,4915712,15940505
TDX-Hydro,1.0,0.25,7943.282347242822,10000.0,3555577,15940505
TDX-Hydro,1.0,0.25,10000.0,12589.254117941688,2345475,15940505
TDX-Hydro,1.0,0.25,12589.254117941688,15848.93192461114,1400640,15940505
TDX-Hydro,1.0,0.25,15848.93192461114,19952.62314968879,753616,15940505
TDX-Hydro,1.0,0.25,19952.62314968879,25118.864315095823,364647,15940505
TDX-Hydro,1.0,0.25,25118.864315095823,31622.776601683792,162292,15940505
TDX-Hydro,1.0,0.25,31622.776601683792,39810.71705534977,67868,15940505
TDX-Hydro,1.0,0.25,39810.71705534977,50118.72336272725,28405,15940505
TDX-Hydro,1.0,0.25,50118.72336272725,63095.73444801943,12918,15940505
TDX-Hydro,1.0,0.25,63095.73444801943,79432.82347242821,6247,15940505
TDX-Hydro,1.0,0.25,79432.82347242821,100000.0,3106,15940505
TDX-Hydro,1.0,0.25,100000.0,125892.54117941688,1563,15940505
TDX-Hydro,1.0,0.25,125892.54117941688,158489.3192461114,737,15940505
TDX-Hydro,1.0,0.25,158489.3192461114,199526.2314968883,331,15940505
TDX-Hydro,1.0,0.25,199526.2314968883,251188.6431509582,151,15940505
TDX-Hydro,1.0,0.25,251188.6431509582,316227.7660168379,60,15940505
TDX-Hydro,1.0,0.25,316227.7660168379,398107.17055349774,21,15940505
TDX-Hydro,1.0,0.25,398107.17055349774,501187.2336272725,5,15940505
TDX-Hydro,1.0,0.25,501187.2336272725,630957.3444801943,1,15940505
TDX-Hydro,1.0,0.25,630957.3444801943,794328.2347242822,0,15940505
TDX-Hydro,1.0,0.25,794328.2347242822,1000000.0,0,15940505
TDX-Hydro,1.0,0.25,1000000.0,1258925.4117941686,0,15940505
TDX-Hydro,1.0,0.25,1258925.4117941686,1584893.1924611141,0,15940505
TDX-Hydro,1.0,0.25,1584893.1924611141,1995262.3149688828,0,15940505
TDX-Hydro,1.0,0.25,1995262.3149688828,2511886.4315095823,0,15940505
TDX-Hydro,1.0,0.25,2511886.4315095823,3162277.6601683795,0,15940505
TDX-Hydro,1.0,0.25,3162277.6601683795,3981071.7055349774,0,15940505
TDX-Hydro,1.0,0.25,3981071.7055349774,5011872.336272725,0,15940505
TDX-Hydro,1.0,0.25,5011872.336272725,6309573.444801942,0,15940505
TDX-Hydro,1.0,0.25,6309573.444801942,7943282.347242822,0,15940505
TDX-Hydro,1.0,0.25,7943282.347242822,10000000.0,0,15940505
TDX-Hydro,1.0,0.4,1.0,1.2589254117941673,0,15940505
TDX-Hydro,1.0,0.4,1.2589254117941673,1.5848931924611136,0,15940505
TDX-Hydro,1.0,0.4,1.5848931924611136,1.9952623149688797,0,15940505
TDX-Hydro,1.0,0.4,1.9952623149688797,2.51188643150958,0,15940505
TDX-Hydro,1.0,0.4,2.51188643150958,3.1622776601683795,0,15940505
TDX-Hydro,1.0,0.4,3.1622776601683795,3.981071705534973,1,15940505
TDX-Hydro,1.0,0.4,3.981071705534973,5.011872336272724,19,15940505
TDX-Hydro,1.0,0.4,5.011872336272724,6.309573444801933,84,15940505
TDX-Hydro,1.0,0.4,6.309573444801933,7.943282347242816,1437,15940505
TDX-Hydro,1.0,0.4,7.943282347242816,10.0,10713,15940505
TDX-Hydro,1.0,0.4,10.0,12.589254117941675,15113,15940505
TDX-Hydro,1.0,0.4,12.589254117941675,15.848931924611142,28932,15940505
TDX-Hydro,1.0,0.4,15.848931924611142,19.952623149688797,32542,15940505
TDX-Hydro,1.0,0.4,19.952623149688797,25.11886431509581,34309,15940505
TDX-Hydro,1.0,0.4,25.11886431509581,31.622776601683793,40560,15940505
TDX-Hydro,1.0,0.4,31.622776601683793,39.810717055349734,52529,15940505
TDX-Hydro,1.0,0.4,39.810717055349734,50.11872336272725,63873,15940505
TDX-Hydro,1.0,0.4,50.11872336272725,63.09573444801933,84171,15940505
TDX-Hydro,1.0,0.4,63.09573444801933,79.43282347242817,108887,15940505
TDX-Hydro,1.0,0.4,79.43282347242817,100.0,143753,15940505
TDX-Hydro,1.0,0.4,100.0,125.89254117941675,188893,15940505
TDX-Hydro,1.0,0.4,125.89254117941675,158.48931924611142,246392,15940505
TDX-Hydro,1.0,0.4,158.48931924611142,199.52623149688807,320829,15940505
TDX-Hydro,1.0,0.4,199.52623149688807,251.18864315095823,415363,15940505
TDX-Hydro,1.0,0.4,251.18864315095823,316.22776601683796,538761,15940505
TDX-Hydro,1.0,0.4,316.22776601683796,398.1071705534973,696421,15940505
TDX-Hydro,1.0,0.4,398.1071705534973,501.18723362727246,898406,15940505
TDX-Hydro,1.0,0.4,501.18723362727246,630.9573444801937,1153838,15940505
TDX-Hydro,1.0,0.4,630.9573444801937,794.3282347242822,1472718,15940505
TDX-Hydro,1.0,0.4,794.3282347242822,1000.0,1861684,15940505
TDX-Hydro,1.0,0.4,1000.0,1258.9254117941675,2320505,15940505
TDX-Hydro,1.0,0.4,1258.9254117941675,1584.893192461114,2831589,15940505
TDX-Hydro,1.0,0.4,1584.893192461114,1995.262314968881,3354981,15940505
TDX-Hydro,1.0,0.4,1995.262314968881,2511.886431509582,3829172,15940505
TDX-Hydro,1.0,0.4,2511.886431509582,3162.2776601683795,4164454,15940505
TDX-Hydro,1.0,0.4,3162.2776601683795,3981.0717055349733,4258299,15940505
TDX-Hydro,1.0,0.4,3981.0717055349733,5011.872336272725,4041041,15940505
TDX-Hydro,1.0,0.4,5011.872336272725,6309.573444801937,3516922,15940505
TDX-Hydro,1.0,0.4,6309.573444801937,7943.282347242822,2773177,15940505
TDX-Hydro,1.0,0.4,7943.282347242822,10000.0,1963111,15940505
TDX-Hydro,1.0,0.4,10000.0,12589.254117941688,1235539,15940505
TDX-Hydro,1.0,0.4,12589.254117941688,15848.93192461114,689616,15940505
TDX-Hydro,1.0,0.4,15848.93192461114,19952.62314968879,340789,15940505
TDX-Hydro,1.0,0.4,19952.62314968879,25118.864315095823,152362,15940505
TDX-Hydro,1.0,0.4,25118.864315095823,31622.776601683792,63033,15940505
TDX-Hydro,1.0,0.4,31622.776601683792,39810.71705534977,25719,15940505
TDX-Hydro,1.0,0.4,39810.71705534977,50118.72336272725,11497,15940505
TDX-Hydro,1.0,0.4,50118.72336272725,63095.73444801943,5555,15940505
TDX-Hydro,1.0,0.4,63095.73444801943,79432.82347242821,2793,15940505
TDX-Hydro,1.0,0.4,79432.82347242821,100000.0,1413,15940505
TDX-Hydro,1.0,0.4,100000.0,125892.54117941688,674,15940505
TDX-Hydro,1.0,0.4,125892.54117941688,158489.3192461114,310,15940505
TDX-Hydro,1.0,0.4,158489.3192461114,199526.2314968883,147,15940505
TDX-Hydro,1.0,0.4,199526.2314968883,251188.6431509582,58,15940505
TDX-Hydro,1.0,0.4,251188.6431509582,316227.7660168379,22,15940505
TDX-Hydro,1.0,0.4,316227.7660168379,398107.17055349774,5,15940505
TDX-Hydro,1.0,0.4,398107.17055349774,501187.2336272725,1,15940505
TDX-Hydro,1.0,0.4,501187.2336272725,630957.3444801943,0,15940505
TDX-Hydro,1.0,0.4,630957.3444801943,794328.2347242822,0,15940505
TDX-Hydro,1.0,0.4,794328.2347242822,1000000.0,0,15940505
TDX-Hydro,1.0,0.4,1000000.0,1258925.4117941686,0,15940505
TDX-Hydro,1.0,0.4,1258925.4117941686,1584893.1924611141,0,15940505
TDX-Hydro,1.0,0.4,1584893.1924611141,1995262.3149688828,0,15940505
TDX-Hydro,1.0,0.4,1995262.3149688828,2511886.4315095823,0,15940505
TDX-Hydro,1.0,0.4,2511886.4315095823,3162277.6601683795,0,15940505
TDX-Hydro,1.0,0.4,3162277.6601683795,3981071.7055349774,0,15940505
TDX-Hydro,1.0,0.4,3981071.7055349774,5011872.336272725,0,15940505
TDX-Hydro,1.0,0.4,5011872.336272725,6309573.444801942,0,15940505
TDX-Hydro,1.0,0.4,6309573.444801942,7943282.347242822,0,15940505
TDX-Hydro,1.0,0.4,7943282.347242822,10000000.0,0,15940505
TDX-Hydro,1.5,0.1,1.0,1.2589254117941673,957,15940505
TDX-Hydro,1.5,0.1,1.2589254117941673,1.5848931924611136,4009,15940505
TDX-Hydro,1.5,0.1,1.5848931924611136,1.9952623149688797,11830,15940505
TDX-Hydro,1.5,0.1,1.9952623149688797,2.51188643150958,30147,15940505
TDX-Hydro,1.5,0.1,2.51188643150958,3.1622776601683795,35089,15940505
TDX-Hydro,1.5,0.1,3.1622776601683795,3.981071705534973,53587,15940505
TDX-Hydro,1.5,0.1,3.981071705534973,5.011872336272724,70539,15940505
TDX-Hydro,1.5,0.1,5.011872336272724,6.309573444801933,90172,15940505
TDX-Hydro,1.5,0.1,6.309573444801933,7.943282347242816,117250,15940505
TDX-Hydro,1.5,0.1,7.943282347242816,10.0,152795,15940505
TDX-Hydro,1.5,0.1,10.0,12.589254117941675,199235,15940505
TDX-Hydro,1.5,0.1,12.589254117941675,15.848931924611142,258592,15940505
TDX-Hydro,1.5,0.1,15.848931924611142,19.952623149688797,330238,15940505
TDX-Hydro,1.5,0.1,19.952623149688797,25.11886431509581,423373,15940505
TDX-Hydro,1.5,0.1,25.11886431509581,31.622776601683793,548674,15940505
TDX-Hydro,1.5,0.1,31.622776601683793,39.810717055349734,711675,15940505
TDX-Hydro,1.5,0.1,39.810717055349734,50.11872336272725,923214,15940505
TDX-Hydro,1.5,0.1,50.11872336272725,63.09573444801933,1199248,15940505
TDX-Hydro,1.5,0.1,63.09573444801933,79.43282347242817,1553218,15940505
TDX-Hydro,1.5,0.1,79.43282347242817,100.0,2006814,15940505
TDX-Hydro,1.5,0.1,100.0,125.89254117941675,2583389,15940505
TDX-Hydro,1.5,0.1,125.89254117941675,158.48931924611142,3306179,15940505
TDX-Hydro,1.5,0.1,158.48931924611142,199.52623149688807,4195219,15940505
TDX-Hydro,1.5,0.1,199.52623149688807,251.18864315095823,5257339,15940505
TDX-Hydro,1.5,0.1,251.18864315095823,316.22776601683796,6482698,15940505
TDX-Hydro,1.5,0.1,316.22776601683796,398.1071705534973,7825852,15940505
TDX-Hydro,1.5,0.1,398.1071705534973,501.18723362727246,9202734,15940505
TDX-Hydro,1.5,0.1,501.18723362727246,630.9573444801937,10486229,15940505
TDX-Hydro,1.5,0.1,630.9573444801937,794.3282347242822,11532840,15940505
TDX-Hydro,1.5,0.1,794.3282347242822,1000.0,12224359,15940505
TDX-Hydro,1.5,0.1,1000.0,1258.9254117941675,12487936,15940505
TDX-Hydro,1.5,0.1,1258.9254117941675,1584.893192461114,12313140,15940505
TDX-Hydro,1.5,0.1,1584.893192461114,1995.262314968881,11742019,15940505
TDX-Hydro,1.5,0.1,1995.262314968881,2511.886431509582,10836607,15940505
TDX-Hydro,1.5,0.1,2511.886431509582,3162.2776601683795,9654907,15940505
TDX-Hydro,1.5,0.1,3162.2776601683795,3981.0717055349733,8259700,15940505
TDX-Hydro,1.5,0.1,3981.0717055349733,5011.872336272725,6726493,15940505
TDX-Hydro,1.5,0.1,5011.872336272725,6309.573444801937,5158225,15940505
TDX-Hydro,1.5,0.1,6309.573444801937,7943.282347242822,3680284,15940505
TDX-Hydro,1.5,0.1,7943.282347242822,10000.0,2414586,15940505
TDX-Hydro,1.5,0.1,10000.0,12589.254117941688,1440886,15940505
TDX-Hydro,1.5,0.1,12589.254117941688,15848.93192461114,776618,15940505
TDX-Hydro,1.5,0.1,15848.93192461114,19952.62314968879,377262,15940505
TDX-Hydro,1.5,0.1,19952.62314968879,25118.864315095823,168439,15940505
TDX-Hydro,1.5,0.1,25118.864315095823,31622.776601683792,70679,15940505
TDX-Hydro,1.5,0.1,31622.776601683792,39810.71705534977,29543,15940505
TDX-Hydro,1.5,0.1,39810.71705534977,50118.72336272725,13405,15940505
TDX-Hydro,1.5,0.1,50118.72336272725,63095.73444801943,6471,15940505
TDX-Hydro,1.5,0.1,63095.73444801943,79432.82347242821,3211,15940505
TDX-Hydro,1.5,0.1,79432.82347242821,100000.0,1598,15940505
TDX-Hydro,1.5,0.1,100000.0,125892.54117941688,751,15940505
TDX-Hydro,1.5,0.1,125892.54117941688,158489.3192461114,338,15940505
TDX-Hydro,1.5,0.1,158489.3192461114,199526.2314968883,155,15940505
TDX-Hydro,1.5,0.1,199526.2314968883,251188.6431509582,60,15940505
TDX-Hydro,1.5,0.1,251188.6431509582,316227.7660168379,22,15940505
TDX-Hydro,1.5,0.1,316227.7660168379,398107.17055349774,5,15940505
TDX-Hydro,1.5,0.1,398107.17055349774,501187.2336272725,1,15940505
TDX-Hydro,1.5,0.1,501187.2336272725,630957.3444801943,0,15940505
TDX-Hydro,1.5,0.1,630957.3444801943,794328.2347242822,0,15940505
TDX-Hydro,1.5,0.1,794328.2347242822,1000000.0,0,15940505
TDX-Hydro,1.5,0.1,1000000.0,1258925.4117941686,0,15940505
TDX-Hydro,1.5,0.1,1258925.4117941686,1584893.1924611141,0,15940505
TDX-Hydro,1.5,0.1,1584893.1924611141,1995262.3149688828,0,15940505
TDX-Hydro,1.5,0.1,1995262.3149688828,2511886.4315095823,0,15940505
TDX-Hydro,1.5,0.1,2511886.4315095823,3162277.6601683795,0,15940505
TDX-Hydro,1.5,0.1,3162277.6601683795,3981071.7055349774,0,15940505
TDX-Hydro,1.5,0.1,3981071.7055349774,5011872.336272725,0,15940505
TDX-Hydro,1.5,0.1,5011872.336272725,6309573.444801942,0,15940505
TDX-Hydro,1.5,0.1,6309573.444801942,7943282.347242822,0,15940505
TDX-Hydro,1.5,0.1,7943282.347242822,10000000.0,0,15940505
TDX-Hydro,1.5,0.25,1.0,1.2589254117941673,0,15940505
TDX-Hydro,1.5,0.25,1.2589254117941673,1.5848931924611136,1,15940505
TDX-Hydro,1.5,0.25,1.5848931924611136,1.9952623149688797,14,15940505
TDX-Hydro,1.5,0.25,1.9952623149688797,2.51188643150958,67,15940505
TDX-Hydro,1.5,0.25,2.51188643150958,3.1622776601683795,957,15940505
TDX-Hydro,1.5,0.25,3.1622776601683795,3.981071705534973,4169,15940505
TDX-Hydro,1.5,0.25,3.981071705534973,5.011872336272724,12076,15940505
TDX-Hydro,1.5,0.25,5.011872336272724,6.309573444801933,30254,15940505
TDX-Hydro,1.5,0.25,6.309573444801933,7.943282347242816,35197,15940505
TDX-Hydro,1.5,0.25,7.943282347242816,10.0,53599,15940505
TDX-Hydro,1.5,0.25,10.0,12.589254117941675,69256,15940505
TDX-Hydro,1.5,0.25,12.589254117941675,15.848931924611142,79683,15940505
TDX-Hydro,1.5,0.25,15.848931924611142,19.952623149688797,102034,15940505
TDX-Hydro,1.5,0.25,19.952623149688797,25.11886431509581,122557,15940505
TDX-Hydro,1.5,0.25,25.11886431509581,31.622776601683793,156693,15940505
TDX-Hydro,1.5,0.25,31.622776601683793,39.810717055349734,205697,15940505
TDX-Hydro,1.5,0.25,39.810717055349734,50.11872336272725,269858,15940505
TDX-Hydro,1.5,0.25,50.11872336272725,63.09573444801933,349858,15940505
TDX-Hydro,1.5,0.25,63.09573444801933,79.43282347242817,458915,15940505
TDX-Hydro,1.5,0.25,79.43282347242817,100.0,596837,15940505
TDX-Hydro,1.5,0.25,100.0,125.89254117941675,775451,15940505
TDX-Hydro,1.5,0.25,125.89254117941675,158.48931924611142,1005245,15940505
TDX-Hydro,1.5,0.25,158.48931924611142,199.52623149688807,1300178,15940505
TDX-Hydro,1.5,0.25,199.52623149688807,251.18864315095823,1675141,15940505
TDX-Hydro,1.5,0.25,251.18864315095823,316.22776601683796,2149780,15940505
TDX-Hydro,1.5,0.25,316.22776601683796,398.1071705534973,2741857,15940505
TDX-Hydro,1.5,0.25,398.1071705534973,501.18723362727246,3461458,15940505
TDX-Hydro,1.5,0.25,501.18723362727246,630.9573444801937,4305516,15940505
TDX-Hydro,1.5,0.25,630.9573444801937,794.3282347242822,5249068,15940505
TDX-Hydro,1.5,0.25,794.3282347242822,1000.0,6233287,15940505
TDX-Hydro,1.5,0.25,1000.0,1258.9254117941675,7154462,15940505
TDX-Hydro,1.5,0.25,1258.9254117941675,1584.893192461114,7872721,15940505
TDX-Hydro,1.5,0.25,1584.893192461114,1995.262314968881,8239319,15940505
TDX-Hydro,1.5,0.25,1995.262314968881,2511.886431509582,8144851,15940505
TDX-Hydro,1.5,0.25,2511.886431509582,3162.2776601683795,7557225,15940505
TDX-Hydro,1.5,0.25,3162.2776601683795,3981.0717055349733,6540578,15940505
TDX-Hydro,1.5,0.25,3981.0717055349733,5011.872336272725,5244153,15940505
TDX-Hydro,1.5,0.25,5011.872336272725,6309.573444801937,3872440,15940505
TDX-Hydro,1.5,0.25,6309.573444801937,7943.282347242822,2614238,15940505
TDX-Hydro,1.5,0.25,7943.282347242822,10000.0,1599490,15940505
TDX-Hydro,1.5,0.25,10000.0,12589.254117941688,882558,15940505
TDX-Hydro,1.5,0.25,12589.254117941688,15848.93192461114,437653,15940505
TDX-Hydro,1.5,0.25,15848.93192461114,19952.62314968879,198396,15940505
TDX-Hydro,1.5,0.25,19952.62314968879,25118.864315095823,83776,15940505
TDX-Hydro,1.5,0.25,25118.864315095823,31622.776601683792,35084,15940505
TDX-Hydro,1.5,0.25,31622.776601683792,39810.71705534977,15501,15940505
TDX-Hydro,1.5,0.25,39810.71705534977,50118.72336272725,7400,15940505
TDX-Hydro,1.5,0.25,50118.72336272725,63095.73444801943,3703,15940505
TDX-Hydro,1.5,0.25,63095.73444801943,79432.82347242821,1852,15940505
TDX-Hydro,1.5,0.25,79432.82347242821,100000.0,890,15940505
TDX-Hydro,1.5,0.25,100000.0,125892.54117941688,407,15940505
TDX-Hydro,1.5,0.25,125892.54117941688,158489.3192461114,176,15940505
TDX-Hydro,1.5,0.25,158489.3192461114,199526.2314968883,73,15940505
TDX-Hydro,1.5,0.25,199526.2314968883,251188.6431509582,28,15940505
TDX-Hydro,1.5,0.25,251188.6431509582,316227.7660168379,7,15940505
TDX-Hydro,1.5,0.25,316227.7660168379,398107.17055349774,2,15940505
TDX-Hydro,1.5,0.25,398107.17055349774,501187.2336272725,0,15940505
TDX-Hydro,1.5,0.25,501187.2336272725,630957.3444801943,0,15940505
TDX-Hydro,1.5,0.25,630957.3444801943,794328.2347242822,0,15940505
TDX-Hydro,1.5,0.25,794328.2347242822,1000000.0,0,15940505
TDX-Hydro,1.5,0.25,1000000.0,1258925.4117941686,0,15940505
TDX-Hydro,1.5,0.25,1258925.4117941686,1584893.1924611141,0,15940505
TDX-Hydro,1.5,0.25,1584893.1924611141,1995262.3149688828,0,15940505
TDX-Hydro,1.5,0.25,1995262.3149688828,2511886.4315095823,0,15940505
TDX-Hydro,1.5,0.25,2511886.4315095823,3162277.6601683795,0,15940505
TDX-Hydro,1.5,0.25,3162277.6601683795,3981071.7055349774,0,15940505
TDX-Hydro,1.5,0.25,3981071.7055349774,5011872.336272725,0,15940505
TDX-Hydro,1.5,0.25,5011872.336272725,6309573.444801942,0,15940505
TDX-Hydro,1.5,0.25,6309573.444801942,7943282.347242822,0,15940505
TDX-Hydro,1.5,0.25,7943282.347242822,10000000.0,0,15940505
TDX-Hydro,1.5,0.4,1.0,1.2589254117941673,0,15940505
TDX-Hydro,1.5,0.4,1.2589254117941673,1.5848931924611136,0,15940505
TDX-Hydro,1.5,0.4,1.5848931924611136,1.9952623149688797,0,15940505
TDX-Hydro,1.5,0.4,1.9952623149688797,2.51188643150958,1,15940505
TDX-Hydro,1.5,0.4,2.51188643150958,3.1622776601683795,14,15940505
TDX-Hydro,1.5,0.4,3.1622776601683795,3.981071705534973,64,15940505
TDX-Hydro,1.5,0.4,3.981071705534973,5.011872336272724,841,15940505
TDX-Hydro,1.5,0.4,5.011872336272724,6.309573444801933,3990,15940505
TDX-Hydro,1.5,0.4,6.309573444801933,7.943282347242816,11560,15940505
TDX-Hydro,1.5,0.4,7.943282347242816,10.0,28602,15940505
TDX-Hydro,1.5,0.4,10.0,12.589254117941675,24186,15940505
TDX-Hydro,1.5,0.4,12.589254117941675,15.848931924611142,37992,15940505
TDX-Hydro,1.5,0.4,15.848931924611142,19.952623149688797,39466,15940505
TDX-Hydro,1.5,0.4,19.952623149688797,25.11886431509581,45738,15940505
TDX-Hydro,1.5,0.4,25.11886431509581,31.622776601683793,60264,15940505
TDX-Hydro,1.5,0.4,31.622776601683793,39.810717055349734,79822,15940505
TDX-Hydro,1.5,0.4,39.810717055349734,50.11872336272725,100686,15940505
TDX-Hydro,1.5,0.4,50.11872336272725,63.09573444801933,135056,15940505
TDX-Hydro,1.5,0.4,63.09573444801933,79.43282347242817,177324,15940505
TDX-Hydro,1.5,0.4,79.43282347242817,100.0,231056,15940505
TDX-Hydro,1.5,0.4,100.0,125.89254117941675,300882,15940505
TDX-Hydro,1.5,0.4,125.89254117941675,158.48931924611142,390569,15940505
TDX-Hydro,1.5,0.4,158.48931924611142,199.52623149688807,506614,15940505
TDX-Hydro,1.5,0.4,199.52623149688807,251.18864315095823,654632,15940505
TDX-Hydro,1.5,0.4,251.18864315095823,316.22776601683796,846213,15940505
TDX-Hydro,1.5,0.4,316.22776601683796,398.1071705534973,1087039,15940505
TDX-Hydro,1.5,0.4,398.1071705534973,501.18723362727246,1389422,15940505
TDX-Hydro,1.5,0.4,501.18723362727246,630.9573444801937,1762531,15940505
TDX-Hydro,1.5,0.4,630.9573444801937,794.3282347242822,2205763,15940505
TDX-Hydro,1.5,0.4,794.3282347242822,1000.0,2705340,15940505
TDX-Hydro,1.5,0.4,1000.0,1258.9254117941675,3231501,15940505
TDX-Hydro,1.5,0.4,1258.9254117941675,1584.893192461114,3725551,15940505
TDX-Hydro,1.5,0.4,1584.893192461114,1995.262314968881,4101604,15940505
TDX-Hydro,1.5,0.4,1995.262314968881,2511.886431509582,4262021,15940505
TDX-Hydro,1.5,0.4,2511.886431509582,3162.2776601683795,4123584,15940505
TDX-Hydro,1.5,0.4,3162.2776601683795,3981.0717055349733,3666531,15940505
TDX-Hydro,1.5,0.4,3981.0717055349733,5011.872336272725,2963512,15940505
TDX-Hydro,1.5,0.4,5011.872336272725,6309.573444801937,2154577,15940505
TDX-Hydro,1.5,0.4,6309.573444801937,7943.282347242822,1395563,15940505
TDX-Hydro,1.5,0.4,7943.282347242822,10000.0,801767,15940505
TDX-Hydro,1.5,0.4,10000.0,12589.254117941688,407714,15940505
TDX-Hydro,1.5,0.4,12589.254117941688,15848.93192461114,186476,15940505
TDX-Hydro,1.5,0.4,15848.93192461114,19952.62314968879,78137,15940505
TDX-Hydro,1.5,0.4,19952.62314968879,25118.864315095823,32055,15940505
TDX-Hydro,1.5,0.4,25118.864315095823,31622.776601683792,13858,15940505
TDX-Hydro,1.5,0.4,31622.776601683792,39810.71705534977,6585,15940505
TDX-Hydro,1.5,0.4,39810.71705534977,50118.72336272725,3337,15940505
TDX-Hydro,1.5,0.4,50118.72336272725,63095.73444801943,1680,15940505
TDX-Hydro,1.5,0.4,63095.73444801943,79432.82347242821,818,15940505
TDX-Hydro,1.5,0.4,79432.82347242821,100000.0,382,15940505
TDX-Hydro,1.5,0.4,100000.0,125892.54117941688,175,15940505
TDX-Hydro,1.5,0.4,125892.54117941688,158489.3192461114,75,15940505
TDX-Hydro,1.5,0.4,158489.3192461114,199526.2314968883,27,15940505
TDX-Hydro,1.5,0.4,199526.2314968883,251188.6431509582,8,15940505
TDX-Hydro,1.5,0.4,251188.6431509582,316227.7660168379,2,15940505
TDX-Hydro,1.5,0.4,316227.7660168379,398107.17055349774,0,15940505
TDX-Hydro,1.5,0.4,398107.17055349774,501187.2336272725,0,15940505
TDX-Hydro,1.5,0.4,501187.2336272725,630957.3444801943,0,15940505
TDX-Hydro,1.5,0.4,630957.3444801943,794328.2347242822,0,15940505
TDX-Hydro,1.5,0.4,794328.2347242822,1000000.0,0,15940505
TDX-Hydro,1.5,0.4,1000000.0,1258925.4117941686,0,15940505
TDX-Hydro,1.5,0.4,1258925.4117941686,1584893.1924611141,0,15940505
TDX-Hydro,1.5,0.4,1584893.1924611141,1995262.3149688828,0,15940505
TDX-Hydro,1.5,0.4,1995262.3149688828,2511886.4315095823,0,15940505
TDX-Hydro,1.5,0.4,2511886.4315095823,3162277.6601683795,0,15940505
TDX-Hydro,1.5,0.4,3162277.6601683795,3981071.7055349774,0,15940505
TDX-Hydro,1.5,0.4,3981071.7055349774,5011872.336272725,0,15940505
TDX-Hydro,1.5,0.4,5011872.336272725,6309573.444801942,0,15940505
TDX-Hydro,1.5,0.4,6309573.444801942,7943282.347242822,0,15940505
TDX-Hydro,1.5,0.4,7943282.347242822,10000000.0,0,15940505
HydroRIVERS,0.5,0.1,1.0,1.2589254117941673,0,8477883
HydroRIVERS,0.5,0.1,1.2589254117941673,1.5848931924611136,0,8477883
HydroRIVERS,0.5,0.1,1.5848931924611136,1.9952623149688797,0,8477883
HydroRIVERS,0.5,0.1,1.9952623149688797,2.51188643150958,0,8477883
HydroRIVERS,0.5,0.1,2.51188643150958,3.1622776601683795,0,8477883
HydroRIVERS,0.5,0.1,3.1622776601683795,3.981071705534973,0,8477883
HydroRIVERS,0.5,0.1,3.981071705534973,5.011872336272724,0,8477883
HydroRIVERS,0.5,0.1,5.011872336272724,6.309573444801933,0,8477883
HydroRIVERS,0.5,0.1,6.309573444801933,7.943282347242816,0,8477883
HydroRIVERS,0.5,0.1,7.943282347242816,10.0,0,8477883
HydroRIVERS,0.5,0.1,10.0,12.589254117941675,0,8477883
HydroRIVERS,0.5,0.1,12.589254117941675,15.848931924611142,0,8477883
HydroRIVERS,0.5,0.1,15.848931924611142,19.952623149688797,0,8477883
HydroRIVERS,0.5,0.1,19.952623149688797,25.11886431509581,5,8477883
HydroRIVERS,0.5,0.1,25.11886431509581,31.622776601683793,84,8477883
HydroRIVERS,0.5,0.1,31.622776601683793,39.810717055349734,201,8477883
HydroRIVERS,0.5,0.1,39.810717055349734,50.11872336272725,443,8477883
HydroRIVERS,0.5,0.1,50.11872336272725,63.09573444801933,1166,8477883
HydroRIVERS,0.5,0.1,63.09573444801933,79.43282347242817,3333,8477883
HydroRIVERS,0.5,0.1,79.43282347242817,100.0,8896,8477883
HydroRIVERS,0.5,0.1,100.0,125.89254117941675,21485,8477883
HydroRIVERS,0.5,0.1,125.89254117941675,158.48931924611142,43116,8477883
HydroRIVERS,0.5,0.1,158.48931924611142,199.52623149688807,197790,8477883
HydroRIVERS,0.5,0.1,199.52623149688807,251.18864315095823,330233,8477883
HydroRIVERS,0.5,0.1,251.18864315095823,316.22776601683796,803360,8477883
HydroRIVERS,0.5,0.1,316.22776601683796,398.1071705534973,1130160,8477883
HydroRIVERS,0.5,0.1,398.1071705534973,501.18723362727246,1572293,8477883
HydroRIVERS,0.5,0.1,501.18723362727246,630.9573444801937,2136722,8477883
HydroRIVERS,0.5,0.1,630.9573444801937,794.3282347242822,2834950,8477883
HydroRIVERS,0.5,0.1,794.3282347242822,1000.0,3612705,8477883
HydroRIVERS,0.5,0.1,1000.0,1258.9254117941675,4440341,8477883
HydroRIVERS,0.5,0.1,1258.9254117941675,1584.893192461114,5282493,8477883
HydroRIVERS,0.5,0.1,1584.893192461114,1995.262314968881,6051828,8477883
HydroRIVERS,0.5,0.1,1995.262314968881,2511.886431509582,6589035,8477883
HydroRIVERS,0.5,0.1,2511.886431509582,3162.2776601683795,6659218,8477883
HydroRIVERS,0.5,0.1,3162.2776601683795,3981.0717055349733,6985541,8477883
HydroRIVERS,0.5,0.1,3981.0717055349733,5011.872336272725,6857132,8477883
HydroRIVERS,0.5,0.1,5011.872336272725,6309.573444801937,6446358,8477883
HydroRIVERS,0.5,0.1,6309.573444801937,7943.282347242822,5940332,8477883
HydroRIVERS,0.5,0.1,7943.282347242822,10000.0,5257853,8477883
HydroRIVERS,0.5,0.1,10000.0,12589.254117941688,4443636,8477883
HydroRIVERS,0.5,0.1,12589.254117941688,15848.93192461114,3613130,8477883
HydroRIVERS,0.5,0.1,15848.93192461114,19952.62314968879,2776604,8477883
HydroRIVERS,0.5,0.1,19952.62314968879,25118.864315095823,2007240,8477883
HydroRIVERS,0.5,0.1,25118.864315095823,31622.776601683792,1353479,8477883
HydroRIVERS,0.5,0.1,31622.776601683792,39810.71705534977,843663,8477883
HydroRIVERS,0.5,0.1,39810.71705534977,50118.72336272725,485942,8477883
HydroRIVERS,0.5,0.1,50118.72336272725,63095.73444801943,260286,8477883
HydroRIVERS,0.5,0.1,63095.73444801943,79432.82347242821,132716,8477883
HydroRIVERS,0.5,0.1,79432.82347242821,100000.0,67088,8477883
HydroRIVERS,0.5,0.1,100000.0,125892.54117941688,35600,8477883
HydroRIVERS,0.5,0.1,125892.54117941688,158489.3192461114,20489,8477883
HydroRIVERS,0.5,0.1,158489.3192461114,199526.2314968883,12204,8477883
HydroRIVERS,0.5,0.1,199526.2314968883,251188.6431509582,7136,8477883
HydroRIVERS,0.5,0.1,251188.6431509582,316227.7660168379,3973,8477883
HydroRIVERS,0.5,0.1,316227.7660168379,398107.17055349774,2016,8477883
HydroRIVERS,0.5,0.1,398107.17055349774,501187.2336272725,976,8477883
HydroRIVERS,0.5,0.1,501187.2336272725,630957.3444801943,438,8477883
HydroRIVERS,0.5,0.1,630957.3444801943,794328.2347242822,152,8477883
HydroRIVERS,0.5,0.1,794328.2347242822,1000000.0,51,8477883
HydroRIVERS,0.5,0.1,1000000.0,1258925.4117941686,11,8477883
HydroRIVERS,0.5,0.1,1258925.4117941686,1584893.1924611141,1,8477883
HydroRIVERS,0.5,0.1,1584893.1924611141,1995262.3149688828,0,8477883
HydroRIVERS,0.5,0.1,1995262.3149688828,2511886.4315095823,0,8477883
HydroRIVERS,0.5,0.1,2511886.4315095823,3162277.6601683795,0,8477883
HydroRIVERS,0.5,0.1,3162277.6601683795,3981071.7055349774,0,8477883
HydroRIVERS,0.5,0.1,3981071.7055349774,5011872.336272725,0,8477883
HydroRIVERS,0.5,0.1,5011872.336272725,6309573.444801942,0,8477883
HydroRIVERS,0.5,0.1,6309573.444801942,7943282.347242822,0,8477883
HydroRIVERS,0.5,0.1,7943282.347242822,10000000.0,0,8477883
HydroRIVERS,0.5,0.25,1.0,1.2589254117941673,0,8477883
HydroRIVERS,0.5,0.25,1.2589254117941673,1.5848931924611136,0,8477883
HydroRIVERS,0.5,0.25,1.5848931924611136,1.9952623149688797,0,8477883
HydroRIVERS,0.5,0.25,1.9952623149688797,2.51188643150958,0,8477883
HydroRIVERS,0.5,0.25,2.51188643150958,3.1622776601683795,0,8477883
HydroRIVERS,0.5,0.25,3.1622776601683795,3.981071705534973,0,8477883
HydroRIVERS,0.5,0.25,3.981071705534973,5.011872336272724,0,8477883
HydroRIVERS,0.5,0.25,5.011872336272724,6.309573444801933,0,8477883
HydroRIVERS,0.5,0.25,6.309573444801933,7.943282347242816,0,8477883
HydroRIVERS,0.5,0.25,7.943282347242816,10.0,0,8477883
HydroRIVERS,0.5,0.25,10.0,12.589254117941675,0,8477883
HydroRIVERS,0.5,0.25,12.589254117941675,15.848931924611142,0,8477883
HydroRIVERS,0.5,0.25,15.848931924611142,19.952623149688797,0,8477883
HydroRIVERS,0.5,0.25,19.952623149688797,25.11886431509581,0,8477883
HydroRIVERS,0.5,0.25,25.11886431509581,31.622776601683793,0,8477883
HydroRIVERS,0.5,0.25,31.622776601683793,39.810717055349734,0,8477883
HydroRIVERS,0.5,0.25,39.810717055349734,50.11872336272725,0,8477883
HydroRIVERS,0.5,0.25,50.11872336272725,63.09573444801933,5,8477883
HydroRIVERS,0.5,0.25,63.09573444801933,79.43282347242817,84,8477883
HydroRIVERS,0.5,0.25,79.43282347242817,100.0,201,8477883
HydroRIVERS,0.5,0.25,100.0,125.89254117941675,443,8477883
HydroRIVERS,0.5,0.25,125.89254117941675,158.48931924611142,1166,8477883
HydroRIVERS,0.5,0.25,158.48931924611142,199.52623149688807,3333,8477883
HydroRIVERS,0.5,0.25,199.52623149688807,251.18864315095823,10000,8477883
HydroRIVERS,0.5,0.25,251.18864315095823,316.22776601683796,21340,8477883
HydroRIVERS,0.5,0.25,316.22776601683796,398.1071705534973,42833,8477883
HydroRIVERS,0.5,0.25,398.1071705534973,501.18723362727246,207588,8477883
HydroRIVERS,0.5,0.25,501.18723362727246,630.9573444801937,350032,8477883
HydroRIVERS,0.5,0.25,630.9573444801937,794.3282347242822,798256,8477883
HydroRIVERS,0.5,0.25,794.3282347242822,1000.0,1118935,8477883
HydroRIVERS,0.5,0.25,1000.0,1258.9254117941675,1546001,8477883
HydroRIVERS,0.5,0.25,1258.9254117941675,1584.893192461114,2135991,8477883
HydroRIVERS,0.5,0.25,1584.893192461114,1995.262314968881,2623434,8477883
HydroRIVERS,0.5,0.25,1995.262314968881,2511.886431509582,3182086,8477883
HydroRIVERS,0.5,0.25,2511.886431509582,3162.2776601683795,3658275,8477883
HydroRIVERS,0.5,0.25,3162.2776601683795,3981.0717055349733,4136013,8477883
HydroRIVERS,0.5,0.25,3981.0717055349733,5011.872336272725,4441921,8477883
HydroRIVERS,0.5,0.25,5011.872336272725,6309.573444801937,4508361,8477883
HydroRIVERS,0.5,0.25,6309.573444801937,7943.282347242822,4360283,8477883
HydroRIVERS,0.5,0.25,7943.282347242822,10000.0,4037795,8477883
HydroRIVERS,0.5,0.25,10000.0,12589.254117941688,3465066,8477883
HydroRIVERS,0.5,0.25,12589.254117941688,15848.93192461114,2781803,8477883
HydroRIVERS,0.5,0.25,15848.93192461114,19952.62314968879,2075534,8477883
HydroRIVERS,0.5,0.25,19952.62314968879,25118.864315095823,1433354,8477883
HydroRIVERS,0.5,0.25,25118.864315095823,31622.776601683792,912320,8477883
HydroRIVERS,0.5,0.25,31622.776601683792,39810.71705534977,533259,8477883
HydroRIVERS,0.5,0.25,39810.71705534977,50118.72336272725,288890,8477883
HydroRIVERS,0.5,0.25,50118.72336272725,63095.73444801943,147869,8477883
HydroRIVERS,0.5,0.25,63095.73444801943,79432.82347242821,74305,8477883
HydroRIVERS,0.5,0.25,79432.82347242821,100000.0,38941,8477883
HydroRIVERS,0.5,0.25,100000.0,125892.54117941688,22196,8477883
HydroRIVERS,0.5,0.25,125892.54117941688,158489.3192461114,13351,8477883
HydroRIVERS,0.5,0.25,158489.3192461114,199526.2314968883,7922,8477883
HydroRIVERS,0.5,0.25,199526.2314968883,251188.6431509582,4509,8477883
HydroRIVERS,0.5,0.25,251188.6431509582,316227.7660168379,2328,8477883
HydroRIVERS,0.5,0.25,316227.7660168379,398107.17055349774,1146,8477883
HydroRIVERS,0.5,0.25,398107.17055349774,501187.2336272725,538,8477883
HydroRIVERS,0.5,0.25,501187.2336272725,630957.3444801943,185,8477883
HydroRIVERS,0.5,0.25,630957.3444801943,794328.2347242822,65,8477883
HydroRIVERS,0.5,0.25,794328.2347242822,1000000.0,15,8477883
HydroRIVERS,0.5,0.25,1000000.0,1258925.4117941686,2,8477883
HydroRIVERS,0.5,0.25,1258925.4117941686,1584893.1924611141,0,8477883
HydroRIVERS,0.5,0.25,1584893.1924611141,1995262.3149688828,0,8477883
HydroRIVERS,0.5,0.25,1995262.3149688828,2511886.4315095823,0,8477883
HydroRIVERS,0.5,0.25,2511886.4315095823,3162277.6601683795,0,8477883
HydroRIVERS,0.5,0.25,3162277.6601683795,3981071.7055349774,0,8477883
HydroRIVERS,0.5,0.25,3981071.7055349774,5011872.336272725,0,8477883
HydroRIVERS,0.5,0.25,5011872.336272725,6309573.444801942,0,8477883
HydroRIVERS,0.5,0.25,6309573.444801942,7943282.347242822,0,8477883
HydroRIVERS,0.5,0.25,7943282.347242822,10000000.0,0,8477883
HydroRIVERS,0.5,0.4,1.0,1.2589254117941673,0,8477883
HydroRIVERS,0.5,0.4,1.2589254117941673,1.5848931924611136,0,8477883
HydroRIVERS,0.5,0.4,1.5848931924611136,1.9952623149688797,0,8477883
HydroRIVERS,0.5,0.4,1.9952623149688797,2.51188643150958,0,8477883
HydroRIVERS,0.5,0.4,2.51188643150958,3.1622776601683795,0,8477883
HydroRIVERS,0.5,0.4,3.1622776601683795,3.981071705534973,0,8477883
HydroRIVERS,0.5,0.4,3.981071705534973,5.011872336272724,0,8477883
HydroRIVERS,0.5,0.4,5.011872336272724,6.309573444801933,0,8477883
HydroRIVERS,0.5,0.4,6.309573444801933,7.943282347242816,0,8477883
HydroRIVERS,0.5,0.4,7.943282347242816,10.0,0,8477883
HydroRIVERS,0.5,0.4,10.0,12.589254117941675,0,8477883
HydroRIVERS,0.5,0.4,12.589254117941675,15.848931924611142,0,8477883
HydroRIVERS,0.5,0.4,15.848931924611142,19.952623149688797,0,8477883
HydroRIVERS,0.5,0.4,19.952623149688797,25.11886431509581,0,8477883
HydroRIVERS,0.5,0.4,25.11886431509581,31.622776601683793,0,8477883
HydroRIVERS,0.5,0.4,31.622776601683793,39.810717055349734,0,8477883
HydroRIVERS,0.5,0.4,39.810717055349734,50.11872336272725,0,8477883
HydroRIVERS,0.5,0.4,50.11872336272725,63.09573444801933,0,8477883
HydroRIVERS,0.5,0.4,63.09573444801933,79.43282347242817,0,8477883
HydroRIVERS,0.5,0.4,79.43282347242817,100.0,5,8477883
HydroRIVERS,0.5,0.4,100.0,125.89254117941675,84,8477883
HydroRIVERS,0.5,0.4,125.89254117941675,158.48931924611142,201,8477883
HydroRIVERS,0.5,0.4,158.48931924611142,199.52623149688807,438,8477883
HydroRIVERS,0.5,0.4,199.52623149688807,251.18864315095823,1021,8477883
HydroRIVERS,0.5,0.4,251.18864315095823,316.22776601683796,3050,8477883
HydroRIVERS,0.5,0.4,316.22776601683796,398.1071705534973,8316,8477883
HydroRIVERS,0.5,0.4,398.1071705534973,501.18723362727246,19905,8477883
HydroRIVERS,0.5,0.4,501.18723362727246,630.9573444801937,38743,8477883
HydroRIVERS,0.5,0.4,630.9573444801937,794.3282347242822,186420,8477883
HydroRIVERS,0.5,0.4,794.3282347242822,1000.0,303606,8477883
HydroRIVERS,0.5,0.4,1000.0,1258.9254117941675,744135,8477883
HydroRIVERS,0.5,0.4,1258.9254117941675,1584.893192461114,903967,8477883
HydroRIVERS,0.5,0.4,1584.893192461114,1995.262314968881,1084619,8477883
HydroRIVERS,0.5,0.4,1995.262314968881,2511.886431509582,1282565,8477883
HydroRIVERS,0.5,0.4,2511.886431509582,3162.2776601683795,1643449,8477883
HydroRIVERS,0.5,0.4,3162.2776601683795,3981.0717055349733,1919762,8477883
HydroRIVERS,0.5,0.4,3981.0717055349733,5011.872336272725,2119424,8477883
HydroRIVERS,0.5,0.4,5011.872336272725,6309.573444801937,2271316,8477883
HydroRIVERS,0.5,0.4,6309.573444801937,7943.282347242822,2315237,8477883
HydroRIVERS,0.5,0.4,7943.282347242822,10000.0,2186484,8477883
HydroRIVERS,0.5,0.4,10000.0,12589.254117941688,1914470,8477883
HydroRIVERS,0.5,0.4,12589.254117941688,15848.93192461114,1550136,8477883
HydroRIVERS,0.5,0.4,15848.93192461114,19952.62314968879,1145684,8477883
HydroRIVERS,0.5,0.4,19952.62314968879,25118.864315095823,768902,8477883
HydroRIVERS,0.5,0.4,25118.864315095823,31622.776601683792,466363,8477883
HydroRIVERS,0.5,0.4,31622.776601683792,39810.71705534977,256865,8477883
HydroRIVERS,0.5,0.4,39810.71705534977,50118.72336272725,129987,8477883
HydroRIVERS,0.5,0.4,50118.72336272725,63095.73444801943,63001,8477883
HydroRIVERS,0.5,0.4,63095.73444801943,79432.82347242821,31769,8477883
HydroRIVERS,0.5,0.4,79432.82347242821,100000.0,17902,8477883
HydroRIVERS,0.5,0.4,100000.0,125892.54117941688,10989,8477883
HydroRIVERS,0.5,0.4,125892.54117941688,158489.3192461114,6733,8477883
HydroRIVERS,0.5,0.4,158489.3192461114,199526.2314968883,3952,8477883
HydroRIVERS,0.5,0.4,199526.2314968883,251188.6431509582,2140,8477883
HydroRIVERS,0.5,0.4,251188.6431509582,316227.7660168379,1080,8477883
HydroRIVERS,0.5,0.4,316227.7660168379,398107.17055349774,529,8477883
HydroRIVERS,0.5,0.4,398107.17055349774,501187.2336272725,185,8477883
HydroRIVERS,0.5,0.4,501187.2336272725,630957.3444801943,68,8477883
HydroRIVERS,0.5,0.4,630957.3444801943,794328.2347242822,15,8477883
HydroRIVERS,0.5,0.4,794328.2347242822,1000000.0,2,8477883
HydroRIVERS,0.5,0.4,1000000.0,1258925.4117941686,0,8477883
HydroRIVERS,0.5,0.4,1258925.4117941686,1584893.1924611141,0,8477883
HydroRIVERS,0.5,0.4,1584893.1924611141,1995262.3149688828,0,8477883
HydroRIVERS,0.5,0.4,1995262.3149688828,2511886.4315095823,0,8477883
HydroRIVERS,0.5,0.4,2511886.4315095823,3162277.6601683795,0,8477883
HydroRIVERS,0.5,0.4,3162277.6601683795,3981071.7055349774,0,8477883
HydroRIVERS,0.5,0.4,3981071.7055349774,5011872.336272725,0,8477883
HydroRIVERS,0.5,0.4,5011872.336272725,6309573.444801942,0,8477883
HydroRIVERS,0.5,0.4,6309573.444801942,7943282.347242822,0,8477883
HydroRIVERS,0.5,0.4,7943282.347242822,10000000.0,0,8477883
HydroRIVERS,1.0,0.1,1.0,1.2589254117941673,0,8477883
HydroRIVERS,1.0,0.1,1.2589254117941673,1.5848931924611136,0,8477883
HydroRIVERS,1.0,0.1,1.5848931924611136,1.9952623149688797,0,8477883
HydroRIVERS,1.0,0.1,1.9952623149688797,2.51188643150958,0,8477883
HydroRIVERS,1.0,0.1,2.51188643150958,3.1622776601683795,0,8477883
HydroRIVERS,1.0,0.1,3.1622776601683795,3.981071705534973,0,8477883
HydroRIVERS,1.0,0.1,3.981071705534973,5.011872336272724,0,8477883
HydroRIVERS,1.0,0.1,5.011872336272724,6.309573444801933,0,8477883
HydroRIVERS,1.0,0.1,6.309573444801933,7.943282347242816,0,8477883
HydroRIVERS,1.0,0.1,7.943282347242816,10.0,0,8477883
HydroRIVERS,1.0,0.1,10.0,12.589254117941675,5,8477883
HydroRIVERS,1.0,0.1,12.589254117941675,15.848931924611142,84,8477883
HydroRIVERS,1.0,0.1,15.848931924611142,19.952623149688797,201,8477883
HydroRIVERS,1.0,0.1,19.952623149688797,25.11886431509581,443,8477883
HydroRIVERS,1.0,0.1,25.11886431509581,31.622776601683793,1166,8477883
HydroRIVERS,1.0,0.1,31.622776601683793,39.810717055349734,3333,8477883
HydroRIVERS,1.0,0.1,39.810717055349734,50.11872336272725,10005,8477883
HydroRIVERS,1.0,0.1,50.11872336272725,63.09573444801933,21485,8477883
HydroRIVERS,1.0,0.1,63.09573444801933,79.43282347242817,43116,8477883
HydroRIVERS,1.0,0.1,79.43282347242817,100.0,197790,8477883
HydroRIVERS,1.0,0.1,100.0,125.89254117941675,330233,8477883
HydroRIVERS,1.0,0.1,125.89254117941675,158.48931924611142,803360,8477883
HydroRIVERS,1.0,0.1,158.48931924611142,199.52623149688807,1130160,8477883
HydroRIVERS,1.0,0.1,199.52623149688807,251.18864315095823,1572293,8477883
HydroRIVERS,1.0,0.1,251.18864315095823,316.22776601683796,2189389,8477883
HydroRIVERS,1.0,0.1,316.22776601683796,398.1071705534973,2847762,8477883
HydroRIVERS,1.0,0.1,398.1071705534973,501.18723362727246,3630898,8477883
HydroRIVERS,1.0,0.1,501.18723362727246,630.9573444801937,4454544,8477883
HydroRIVERS,1.0,0.1,630.9573444801937,794.3282347242822,5287337,8477883
HydroRIVERS,1.0,0.1,794.3282347242822,1000.0,6059443,8477883
HydroRIVERS,1.0,0.1,1000.0,1258.9254117941675,6599156,8477883
HydroRIVERS,1.0,0.1,1258.9254117941675,1584.893192461114,6664779,8477883
HydroRIVERS,1.0,0.1,1584.893192461114,1995.262314968881,6981018,8477883
HydroRIVERS,1.0,0.1,1995.262314968881,2511.886431509582,6859495,8477883
HydroRIVERS,1.0,0.1,2511.886431509582,3162.2776601683795,6447728,8477883
HydroRIVERS,1.0,0.1,3162.2776601683795,3981.0717055349733,5940934,8477883
HydroRIVERS,1.0,0.1,3981.0717055349733,5011.872336272725,5242837,8477883
HydroRIVERS,1.0,0.1,5011.872336272725,6309.573444801937,4429796,8477883
HydroRIVERS,1.0,0.1,6309.573444801937,7943.282347242822,3604181,8477883
HydroRIVERS,1.0,0.1,7943.282347242822,10000.0,2769458,8477883
HydroRIVERS,1.0,0.1,10000.0,12589.254117941688,2001709,8477883
HydroRIVERS,1.0,0.1,12589.254117941688,15848.93192461114,1346267,8477883
HydroRIVERS,1.0,0.1,15848.93192461114,19952.62314968879,839010,8477883
HydroRIVERS,1.0,0.1,19952.62314968879,25118.864315095823,482813,8477883
HydroRIVERS,1.0,0.1,25118.864315095823,31622.776601683792,258744,8477883
HydroRIVERS,1.0,0.1,31622.776601683792,39810.71705534977,131841,8477883
HydroRIVERS,1.0,0.1,39810.71705534977,50118.72336272725,66645,8477883
HydroRIVERS,1.0,0.1,50118.72336272725,63095.73444801943,35355,8477883
HydroRIVERS,1.0,0.1,63095.73444801943,79432.82347242821,20365,8477883
HydroRIVERS,1.0,0.1,79432.82347242821,100000.0,12138,8477883
HydroRIVERS,1.0,0.1,100000.0,125892.54117941688,7108,8477883
HydroRIVERS,1.0,0.1,125892.54117941688,158489.3192461114,3944,8477883
HydroRIVERS,1.0,0.1,158489.3192461114,199526.2314968883,2009,8477883
HydroRIVERS,1.0,0.1,199526.2314968883,251188.6431509582,971,8477883
HydroRIVERS,1.0,0.1,251188.6431509582,316227.7660168379,435,8477883
HydroRIVERS,1.0,0.1,316227.7660168379,398107.17055349774,152,8477883
HydroRIVERS,1.0,0.1,398107.17055349774,501187.2336272725,51,8477883
HydroRIVERS,1.0,0.1,501187.2336272725,630957.3444801943,11,8477883
HydroRIVERS,1.0,0.1,630957.3444801943,794328.2347242822,1,8477883
HydroRIVERS,1.0,0.1,794328.2347242822,1000000.0,0,8477883
HydroRIVERS,1.0,0.1,1000000.0,1258925.4117941686,0,8477883
HydroRIVERS,1.0,0.1,1258925.4117941686,1584893.1924611141,0,8477883
HydroRIVERS,1.0,0.1,1584893.1924611141,1995262.3149688828,0,8477883
HydroRIVERS,1.0,0.1,1995262.3149688828,2511886.4315095823,0,8477883
HydroRIVERS,1.0,0.1,2511886.4315095823,3162277.6601683795,0,8477883
HydroRIVERS,1.0,0.1,3162277.6601683795,3981071.7055349774,0,8477883
HydroRIVERS,1.0,0.1,3981071.7055349774,5011872.336272725,0,8477883
HydroRIVERS,1.0,0.1,5011872.336272725,6309573.444801942,0,8477883
HydroRIVERS,1.0,0.1,6309573.444801942,7943282.347242822,0,8477883
HydroRIVERS,1.0,0.1,7943282.347242822,10000000.0,0,8477883
HydroRIVERS,1.0,0.25,1.0,1.2589254117941673,0,8477883
HydroRIVERS,1.0,0.25,1.2589254117941673,1.5848931924611136,0,8477883
HydroRIVERS,1.0,0.25,1.5848931924611136,1.9952623149688797,0,8477883
HydroRIVERS,1.0,0.25,1.9952623149688797,2.51188643150958,0,8477883
HydroRIVERS,1.0,0.25,2.51188643150958,3.1622776601683795,0,8477883
HydroRIVERS,1.0,0.25,3.1622776601683795,3.981071705534973,0,8477883
HydroRIVERS,1.0,0.25,3.981071705534973,5.011872336272724,0,8477883
HydroRIVERS,1.0,0.25,5.011872336272724,6.309573444801933,0,8477883
HydroRIVERS,1.0,0.25,6.309573444801933,7.943282347242816,0,8477883
HydroRIVERS,1.0,0.25,7.943282347242816,10.0,0,8477883
HydroRIVERS,1.0,0.25,10.0,12.589254117941675,0,8477883
HydroRIVERS,1.0,0.25,12.589254117941675,15.848931924611142,0,8477883
HydroRIVERS,1.0,0.25,15.848931924611142,19.952623149688797,0,8477883
HydroRIVERS,1.0,0.25,19.952623149688797,25.11886431509581,0,8477883
HydroRIVERS,1.0,0.25,25.11886431509581,31.622776601683793,5,8477883
HydroRIVERS,1.0,0.25,31.622776601683793,39.810717055349734,84,8477883
HydroRIVERS,1.0,0.25,39.810717055349734,50.11872336272725,283,8477883
HydroRIVERS,1.0,0.25,50.11872336272725,63.09573444801933,443,8477883
HydroRIVERS,1.0,0.25,63.09573444801933,79.43282347242817,1166,8477883
HydroRIVERS,1.0,0.25,79.43282347242817,100.0,3333,8477883
HydroRIVERS,1.0,0.25,100.0,125.89254117941675,10000,8477883
HydroRIVERS,1.0,0.25,125.89254117941675,158.48931924611142,21340,8477883
HydroRIVERS,1.0,0.25,158.48931924611142,199.52623149688807,42833,8477883
HydroRIVERS,1.0,0.25,199.52623149688807,251.18864315095823,207588,8477883
HydroRIVERS,1.0,0.25,251.18864315095823,316.22776601683796,350032,8477883
HydroRIVERS,1.0,0.25,316.22776601683796,398.1071705534973,798256,8477883
HydroRIVERS,1.0,0.25,398.1071705534973,501.18723362727246,1127845,8477883
HydroRIVERS,1.0,0.25,501.18723362727246,630.9573444801937,1558563,8477883
HydroRIVERS,1.0,0.25,630.9573444801937,794.3282347242822,2130176,8477883
HydroRIVERS,1.0,0.25,794.3282347242822,1000.0,2623434,8477883
HydroRIVERS,1.0,0.25,1000.0,1258.9254117941675,3182086,8477883
HydroRIVERS,1.0,0.25,1258.9254117941675,1584.893192461114,3658275,8477883
HydroRIVERS,1.0,0.25,1584.893192461114,1995.262314968881,4144441,8477883
HydroRIVERS,1.0,0.25,1995.262314968881,2511.886431509582,4433077,8477883
HydroRIVERS,1.0,0.25,2511.886431509582,3162.2776601683795,4516895,8477883
HydroRIVERS,1.0,0.25,3162.2776601683795,3981.0717055349733,4366145,8477883
HydroRIVERS,1.0,0.25,3981.0717055349733,5011.872336272725,4028847,8477883
HydroRIVERS,1.0,0.25,5011.872336272725,6309.573444801937,3455767,8477883
HydroRIVERS,1.0,0.25,6309.573444801937,7943.282347242822,2772334,8477883
HydroRIVERS,1.0,0.25,7943.282347242822,10000.0,2069803,8477883
HydroRIVERS,1.0,0.25,10000.0,12589.254117941688,1429769,8477883
HydroRIVERS,1.0,0.25,12589.254117941688,15848.93192461114,907694,8477883
HydroRIVERS,1.0,0.25,15848.93192461114,19952.62314968879,530736,8477883
HydroRIVERS,1.0,0.25,19952.62314968879,25118.864315095823,287006,8477883
HydroRIVERS,1.0,0.25,25118.864315095823,31622.776601683792,146821,8477883
HydroRIVERS,1.0,0.25,31622.776601683792,39810.71705534977,73792,8477883
HydroRIVERS,1.0,0.25,39810.71705534977,50118.72336272725,38687,8477883
HydroRIVERS,1.0,0.25,50118.72336272725,63095.73444801943,22080,8477883
HydroRIVERS,1.0,0.25,63095.73444801943,79432.82347242821,13279,8477883
HydroRIVERS,1.0,0.25,79432.82347242821,100000.0,7883,8477883
HydroRIVERS,1.0,0.25,100000.0,125892.54117941688,4477,8477883
HydroRIVERS,1.0,0.25,125892.54117941688,158489.3192461114,2309,8477883
HydroRIVERS,1.0,0.25,158489.3192461114,199526.2314968883,1132,8477883
HydroRIVERS,1.0,0.25,199526.2314968883,251188.6431509582,527,8477883
HydroRIVERS,1.0,0.25,251188.6431509582,316227.7660168379,182,8477883
HydroRIVERS,1.0,0.25,316227.7660168379,398107.17055349774,65,8477883
HydroRIVERS,1.0,0.25,398107.17055349774,501187.2336272725,14,8477883
HydroRIVERS,1.0,0.25,501187.2336272725,630957.3444801943,2,8477883
HydroRIVERS,1.0,0.25,630957.3444801943,794328.2347242822,0,8477883
HydroRIVERS,1.0,0.25,794328.2347242822,1000000.0,0,8477883
HydroRIVERS,1.0,0.25,1000000.0,1258925.4117941686,0,8477883
HydroRIVERS,1.0,0.25,1258925.4117941686,1584893.1924611141,0,8477883
HydroRIVERS,1.0,0.25,1584893.1924611141,1995262.3149688828,0,8477883
HydroRIVERS,1.0,0.25,1995262.3149688828,2511886.4315095823,0,8477883
HydroRIVERS,1.0,0.25,2511886.4315095823,3162277.6601683795,0,8477883
HydroRIVERS,1.0,0.25,3162277.6601683795,3981071.7055349774,0,8477883
HydroRIVERS,1.0,0.25,3981071.7055349774,5011872.336272725,0,8477883
HydroRIVERS,1.0,0.25,5011872.336272725,6309573.444801942,0,8477883
HydroRIVERS,1.0,0.25,6309573.444801942,7943282.347242822,0,8477883
HydroRIVERS,1.0,0.25,7943282.347242822,10000000.0,0,8477883
HydroRIVERS,1.0,0.4,1.0,1.2589254117941673,0,8477883
HydroRIVERS,1.0,0.4,1.2589254117941673,1.5848931924611136,0,8477883
HydroRIVERS,1.0,0.4,1.5848931924611136,1.9952623149688797,0,8477883
HydroRIVERS,1.0,0.4,1.9952623149688797,2.51188643150958,0,8477883
HydroRIVERS,1.0,0.4,2.51188643150958,3.1622776601683795,0,8477883
HydroRIVERS,1.0,0.4,3.1622776601683795,3.981071705534973,0,8477883
HydroRIVERS,1.0,0.4,3.981071705534973,5.011872336272724,0,8477883
HydroRIVERS,1.0,0.4,5.011872336272724,6.309573444801933,0,8477883
HydroRIVERS,1.0,0.4,6.309573444801933,7.943282347242816,0,8477883
HydroRIVERS,1.0,0.4,7.943282347242816,10.0,0,8477883
HydroRIVERS,1.0,0.4,10.0,12.589254117941675,0,8477883
HydroRIVERS,1.0,0.4,12.589254117941675,15.848931924611142,0,8477883
HydroRIVERS,1.0,0.4,15.848931924611142,19.952623149688797,0,8477883
HydroRIVERS,1.0,0.4,19.952623149688797,25.11886431509581,0,8477883
HydroRIVERS,1.0,0.4,25.11886431509581,31.622776601683793,0,8477883
HydroRIVERS,1.0,0.4,31.622776601683793,39.810717055349734,0,8477883
HydroRIVERS,1.0,0.4,39.810717055349734,50.11872336272725,5,8477883
HydroRIVERS,1.0,0.4,50.11872336272725,63.09573444801933,84,8477883
HydroRIVERS,1.0,0.4,63.09573444801933,79.43282347242817,201,8477883
HydroRIVERS,1.0,0.4,79.43282347242817,100.0,438,8477883
HydroRIVERS,1.0,0.4,100.0,125.89254117941675,1021,8477883
HydroRIVERS,1.0,0.4,125.89254117941675,158.48931924611142,3050,8477883
HydroRIVERS,1.0,0.4,158.48931924611142,199.52623149688807,8316,8477883
HydroRIVERS,1.0,0.4,199.52623149688807,251.18864315095823,19905,8477883
HydroRIVERS,1.0,0.4,251.18864315095823,316.22776601683796,38743,8477883
HydroRIVERS,1.0,0.4,316.22776601683796,398.1071705534973,186420,8477883
HydroRIVERS,1.0,0.4,398.1071705534973,501.18723362727246,303606,8477883
HydroRIVERS,1.0,0.4,501.18723362727246,630.9573444801937,744135,8477883
HydroRIVERS,1.0,0.4,630.9573444801937,794.3282347242822,903967,8477883
HydroRIVERS,1.0,0.4,794.3282347242822,1000.0,1084619,8477883
HydroRIVERS,1.0,0.4,1000.0,1258.9254117941675,1306280,8477883
HydroRIVERS,1.0,0.4,1258.9254117941675,1584.893192461114,1654685,8477883
HydroRIVERS,1.0,0.4,1584.893192461114,1995.262314968881,1918017,8477883
HydroRIVERS,1.0,0.4,1995.262314968881,2511.886431509582,2110679,8477883
HydroRIVERS,1.0,0.4,2511.886431509582,3162.2776601683795,2265347,8477883
HydroRIVERS,1.0,0.4,3162.2776601683795,3981.0717055349733,2311319,8477883
HydroRIVERS,1.0,0.4,3981.0717055349733,5011.872336272725,2185522,8477883
HydroRIVERS,1.0,0.4,5011.872336272725,6309.573444801937,1911698,8477883
HydroRIVERS,1.0,0.4,6309.573444801937,7943.282347242822,1546002,8477883
HydroRIVERS,1.0,0.4,7943.282347242822,10000.0,1143424,8477883
HydroRIVERS,1.0,0.4,10000.0,12589.254117941688,765372,8477883
HydroRIVERS,1.0,0.4,12589.254117941688,15848.93192461114,463000,8477883
HydroRIVERS,1.0,0.4,15848.93192461114,19952.62314968879,255137,8477883
HydroRIVERS,1.0,0.4,19952.62314968879,25118.864315095823,129050,8477883
HydroRIVERS,1.0,0.4,25118.864315095823,31622.776601683792,62536,8477883
HydroRIVERS,1.0,0.4,31622.776601683792,39810.71705534977,31533,8477883
HydroRIVERS,1.0,0.4,39810.71705534977,50118.72336272725,17772,8477883
HydroRIVERS,1.0,0.4,50118.72336272725,63095.73444801943,10941,8477883
HydroRIVERS,1.0,0.4,63095.73444801943,79432.82347242821,6709,8477883
HydroRIVERS,1.0,0.4,79432.82347242821,100000.0,3923,8477883
HydroRIVERS,1.0,0.4,100000.0,125892.54117941688,2128,8477883
HydroRIVERS,1.0,0.4,125892.54117941688,158489.3192461114,1074,8477883
HydroRIVERS,1.0,0.4,158489.3192461114,199526.2314968883,526,8477883
HydroRIVERS,1.0,0.4,199526.2314968883,251188.6431509582,183,8477883
HydroRIVERS,1.0,0.4,251188.6431509582,316227.7660168379,67,8477883
HydroRIVERS,1.0,0.4,316227.7660168379,398107.17055349774,15,8477883
HydroRIVERS,1.0,0.4,398107.17055349774,501187.2336272725,2,8477883
HydroRIVERS,1.0,0.4,501187.2336272725,630957.3444801943,0,8477883
HydroRIVERS,1.0,0.4,630957.3444801943,794328.2347242822,0,8477883
HydroRIVERS,1.0,0.4,794328.2347242822,1000000.0,0,8477883
HydroRIVERS,1.0,0.4,1000000.0,1258925.4117941686,0,8477883
HydroRIVERS,1.0,0.4,1258925.4117941686,1584893.1924611141,0,8477883
HydroRIVERS,1.0,0.4,1584893.1924611141,1995262.3149688828,0,8477883
HydroRIVERS,1.0,0.4,1995262.3149688828,2511886.4315095823,0,8477883
HydroRIVERS,1.0,0.4,2511886.4315095823,3162277.6601683795,0,8477883
HydroRIVERS,1.0,0.4,3162277.6601683795,3981071.7055349774,0,8477883
HydroRIVERS,1.0,0.4,3981071.7055349774,5011872.336272725,0,8477883
HydroRIVERS,1.0,0.4,5011872.336272725,6309573.444801942,0,8477883
HydroRIVERS,1.0,0.4,6309573.444801942,7943282.347242822,0,8477883
HydroRIVERS,1.0,0.4,7943282.347242822,10000000.0,0,8477883
HydroRIVERS,1.5,0.1,1.0,1.2589254117941673,0,8477883
HydroRIVERS,1.5,0.1,1.2589254117941673,1.5848931924611136,0,8477883
HydroRIVERS,1.5,0.1,1.5848931924611136,1.9952623149688797,0,8477883
HydroRIVERS,1.5,0.1,1.9952623149688797,2.51188643150958,0,8477883
HydroRIVERS,1.5,0.1,2.51188643150958,3.1622776601683795,0,8477883
HydroRIVERS,1.5,0.1,3.1622776601683795,3.981071705534973,0,8477883
HydroRIVERS,1.5,0.1,3.981071705534973,5.011872336272724,0,8477883
HydroRIVERS,1.5,0.1,5.011872336272724,6.309573444801933,0,8477883
HydroRIVERS,1.5,0.1,6.309573444801933,7.943282347242816,0,8477883
HydroRIVERS,1.5,0.1,7.943282347242816,10.0,84,8477883
HydroRIVERS,1.5,0.1,10.0,12.589254117941675,201,8477883
HydroRIVERS,1.5,0.1,12.589254117941675,15.848931924611142,335,8477883
HydroRIVERS,1.5,0.1,15.848931924611142,19.952623149688797,976,8477883
HydroRIVERS,1.5,0.1,19.952623149688797,25.11886431509581,2654,8477883
HydroRIVERS,1.5,0.1,25.11886431509581,31.622776601683793,7793,8477883
HydroRIVERS,1.5,0.1,31.622776601683793,39.810717055349734,17492,8477883
HydroRIVERS,1.5,0.1,39.810717055349734,50.11872336272725,36873,8477883
HydroRIVERS,1.5,0.1,50.11872336272725,63.09573444801933,186459,8477883
HydroRIVERS,1.5,0.1,63.09573444801933,79.43282347242817,281969,8477883
HydroRIVERS,1.5,0.1,79.43282347242817,100.0,775769,8477883
HydroRIVERS,1.5,0.1,100.0,125.89254117941675,1001177,8477883
HydroRIVERS,1.5,0.1,125.89254117941675,158.48931924611142,1507711,8477883
HydroRIVERS,1.5,0.1,158.48931924611142,199.52623149688807,2020550,8477883
HydroRIVERS,1.5,0.1,199.52623149688807,251.18864315095823,2693797,8477883
HydroRIVERS,1.5,0.1,251.18864315095823,316.22776601683796,3440852,8477883
HydroRIVERS,1.5,0.1,316.22776601683796,398.1071705534973,4261015,8477883
HydroRIVERS,1.5,0.1,398.1071705534973,501.18723362727246,5085887,8477883
HydroRIVERS,1.5,0.1,501.18723362727246,630.9573444801937,5891441,8477883
HydroRIVERS,1.5,0.1,630.9573444801937,794.3282347242822,6457513,8477883
HydroRIVERS,1.5,0.1,794.3282347242822,1000.0,6822955,8477883
HydroRIVERS,1.5,0.1,1000.0,1258.9254117941675,6929969,8477883
HydroRIVERS,1.5,0.1,1258.9254117941675,1584.893192461114,6892710,8477883
HydroRIVERS,1.5,0.1,1584.893192461114,1995.262314968881,6565231,8477883
HydroRIVERS,1.5,0.1,1995.262314968881,2511.886431509582,6038109,8477883
HydroRIVERS,1.5,0.1,2511.886431509582,3162.2776601683795,5384997,8477883
HydroRIVERS,1.5,0.1,3162.2776601683795,3981.0717055349733,4643512,8477883
HydroRIVERS,1.5,0.1,3981.0717055349733,5011.872336272725,3814259,8477883
HydroRIVERS,1.5,0.1,5011.872336272725,6309.573444801937,2965455,8477883
HydroRIVERS,1.5,0.1,6309.573444801937,7943.282347242822,2176755,8477883
HydroRIVERS,1.5,0.1,7943.282347242822,10000.0,1492449,8477883
HydroRIVERS,1.5,0.1,10000.0,12589.254117941688,946329,8477883
HydroRIVERS,1.5,0.1,12589.254117941688,15848.93192461114,554189,8477883
HydroRIVERS,1.5,0.1,15848.93192461114,19952.62314968879,302172,8477883
HydroRIVERS,1.5,0.1,19952.62314968879,25118.864315095823,155234,8477883
HydroRIVERS,1.5,0.1,25118.864315095823,31622.776601683792,78059,8477883
HydroRIVERS,1.5,0.1,31622.776601683792,39810.71705534977,40751,8477883
HydroRIVERS,1.5,0.1,39810.71705534977,50118.72336272725,23089,8477883
HydroRIVERS,1.5,0.1,50118.72336272725,63095.73444801943,13738,8477883
HydroRIVERS,1.5,0.1,63095.73444801943,79432.82347242821,8102,8477883
HydroRIVERS,1.5,0.1,79432.82347242821,100000.0,4586,8477883
HydroRIVERS,1.5,0.1,100000.0,125892.54117941688,2374,8477883
HydroRIVERS,1.5,0.1,125892.54117941688,158489.3192461114,1166,8477883
HydroRIVERS,1.5,0.1,158489.3192461114,199526.2314968883,546,8477883
HydroRIVERS,1.5,0.1,199526.2314968883,251188.6431509582,188,8477883
HydroRIVERS,1.5,0.1,251188.6431509582,316227.7660168379,67,8477883
HydroRIVERS,1.5,0.1,316227.7660168379,398107.17055349774,15,8477883
HydroRIVERS,1.5,0.1,398107.17055349774,501187.2336272725,2,8477883
HydroRIVERS,1.5,0.1,501187.2336272725,630957.3444801943,0,8477883
HydroRIVERS,1.5,0.1,630957.3444801943,794328.2347242822,0,8477883
HydroRIVERS,1.5,0.1,794328.2347242822,1000000.0,0,8477883
HydroRIVERS,1.5,0.1,1000000.0,1258925.4117941686,0,8477883
HydroRIVERS,1.5,0.1,1258925.4117941686,1584893.1924611141,0,8477883
HydroRIVERS,1.5,0.1,1584893.1924611141,1995262.3149688828,0,8477883
HydroRIVERS,1.5,0.1,1995262.3149688828,2511886.4315095823,0,8477883
HydroRIVERS,1.5,0.1,2511886.4315095823,3162277.6601683795,0,8477883
HydroRIVERS,1.5,0.1,3162277.6601683795,3981071.7055349774,0,8477883
HydroRIVERS,1.5,0.1,3981071.7055349774,5011872.336272725,0,8477883
HydroRIVERS,1.5,0.1,5011872.336272725,6309573.444801942,0,8477883
HydroRIVERS,1.5,0.1,6309573.444801942,7943282.347242822,0,8477883
HydroRIVERS,1.5,0.1,7943282.347242822,10000000.0,0,8477883
HydroRIVERS,1.5,0.25,1.0,1.2589254117941673,0,8477883
HydroRIVERS,1.5,0.25,1.2589254117941673,1.5848931924611136,0,8477883
HydroRIVERS,1.5,0.25,1.5848931924611136,1.9952623149688797,0,8477883
HydroRIVERS,1.5,0.25,1.9952623149688797,2.51188643150958,0,8477883
HydroRIVERS,1.5,0.25,2.51188643150958,3.1622776601683795,0,8477883
HydroRIVERS,1.5,0.25,3.1622776601683795,3.981071705534973,0,8477883
HydroRIVERS,1.5,0.25,3.981071705534973,5.011872336272724,0,8477883
HydroRIVERS,1.5,0.25,5.011872336272724,6.309573444801933,0,8477883
HydroRIVERS,1.5,0.25,6.309573444801933,7.943282347242816,0,8477883
HydroRIVERS,1.5,0.25,7.943282347242816,10.0,0,8477883
HydroRIVERS,1.5,0.25,10.0,12.589254117941675,0,8477883
HydroRIVERS,1.5,0.25,12.589254117941675,15.848931924611142,0,8477883
HydroRIVERS,1.5,0.25,15.848931924611142,19.952623149688797,0,8477883
HydroRIVERS,1.5,0.25,19.952623149688797,25.11886431509581,84,8477883
HydroRIVERS,1.5,0.25,25.11886431509581,31.622776601683793,201,8477883
HydroRIVERS,1.5,0.25,31.622776601683793,39.810717055349734,335,8477883
HydroRIVERS,1.5,0.25,39.810717055349734,50.11872336272725,1166,8477883
HydroRIVERS,1.5,0.25,50.11872336272725,63.09573444801933,2654,8477883
HydroRIVERS,1.5,0.25,63.09573444801933,79.43282347242817,7788,8477883
HydroRIVERS,1.5,0.25,79.43282347242817,100.0,17408,8477883
HydroRIVERS,1.5,0.25,100.0,125.89254117941675,36672,8477883
HydroRIVERS,1.5,0.25,125.89254117941675,158.48931924611142,186016,8477883
HydroRIVERS,1.5,0.25,158.48931924611142,199.52623149688807,280803,8477883
HydroRIVERS,1.5,0.25,199.52623149688807,251.18864315095823,777540,8477883
HydroRIVERS,1.5,0.25,251.18864315095823,316.22776601683796,991317,8477883
HydroRIVERS,1.5,0.25,316.22776601683796,398.1071705534973,1492641,8477883
HydroRIVERS,1.5,0.25,398.1071705534973,501.18723362727246,1989139,8477883
HydroRIVERS,1.5,0.25,501.18723362727246,630.9573444801937,2499156,8477883
HydroRIVERS,1.5,0.25,630.9573444801937,794.3282347242822,3104860,8477883
HydroRIVERS,1.5,0.25,794.3282347242822,1000.0,3476918,8477883
HydroRIVERS,1.5,0.25,1000.0,1258.9254117941675,4000295,8477883
HydroRIVERS,1.5,0.25,1258.9254117941675,1584.893192461114,4389956,8477883
HydroRIVERS,1.5,0.25,1584.893192461114,1995.262314968881,4508478,8477883
HydroRIVERS,1.5,0.25,1995.262314968881,2511.886431509582,4459964,8477883
HydroRIVERS,1.5,0.25,2511.886431509582,3162.2776601683795,4111511,8477883
HydroRIVERS,1.5,0.25,3162.2776601683795,3981.0717055349733,3590869,8477883
HydroRIVERS,1.5,0.25,3981.0717055349733,5011.872336272725,2940341,8477883
HydroRIVERS,1.5,0.25,5011.872336272725,6309.573444801937,2229554,8477883
HydroRIVERS,1.5,0.25,6309.573444801937,7943.282347242822,1573476,8477883
HydroRIVERS,1.5,0.25,7943.282347242822,10000.0,1018958,8477883
HydroRIVERS,1.5,0.25,10000.0,12589.254117941688,608407,8477883
HydroRIVERS,1.5,0.25,12589.254117941688,15848.93192461114,335204,8477883
HydroRIVERS,1.5,0.25,15848.93192461114,19952.62314968879,172990,8477883
HydroRIVERS,1.5,0.25,19952.62314968879,25118.864315095823,86869,8477883
HydroRIVERS,1.5,0.25,25118.864315095823,31622.776601683792,44859,8477883
HydroRIVERS,1.5,0.25,31622.776601683792,39810.71705534977,25101,8477883
HydroRIVERS,1.5,0.25,39810.71705534977,50118.72336272725,14980,8477883
HydroRIVERS,1.5,0.25,50118.72336272725,63095.73444801943,8967,8477883
HydroRIVERS,1.5,0.25,63095.73444801943,79432.82347242821,5191,8477883
HydroRIVERS,1.5,0.25,79432.82347242821,100000.0,2726,8477883
HydroRIVERS,1.5,0.25,100000.0,125892.54117941688,1368,8477883
HydroRIVERS,1.5,0.25,125892.54117941688,158489.3192461114,653,8477883
HydroRIVERS,1.5,0.25,158489.3192461114,199526.2314968883,234,8477883
HydroRIVERS,1.5,0.25,199526.2314968883,251188.6431509582,88,8477883
HydroRIVERS,1.5,0.25,251188.6431509582,316227.7660168379,19,8477883
HydroRIVERS,1.5,0.25,316227.7660168379,398107.17055349774,4,8477883
HydroRIVERS,1.5,0.25,398107.17055349774,501187.2336272725,0,8477883
HydroRIVERS,1.5,0.25,501187.2336272725,630957.3444801943,0,8477883
HydroRIVERS,1.5,0.25,630957.3444801943,794328.2347242822,0,8477883
HydroRIVERS,1.5,0.25,794328.2347242822,1000000.0,0,8477883
HydroRIVERS,1.5,0.25,1000000.0,1258925.4117941686,0,8477883
HydroRIVERS,1.5,0.25,1258925.4117941686,1584893.1924611141,0,8477883
HydroRIVERS,1.5,0.25,1584893.1924611141,1995262.3149688828,0,8477883
HydroRIVERS,1.5,0.25,1995262.3149688828,2511886.4315095823,0,8477883
HydroRIVERS,1.5,0.25,2511886.4315095823,3162277.6601683795,0,8477883
HydroRIVERS,1.5,0.25,3162277.6601683795,3981071.7055349774,0,8477883
HydroRIVERS,1.5,0.25,3981071.7055349774,5011872.336272725,0,8477883
HydroRIVERS,1.5,0.25,5011872.336272725,6309573.444801942,0,8477883
HydroRIVERS,1.5,0.25,6309573.444801942,7943282.347242822,0,8477883
HydroRIVERS,1.5,0.25,7943282.347242822,10000000.0,0,8477883
HydroRIVERS,1.5,0.4,1.0,1.2589254117941673,0,8477883
HydroRIVERS,1.5,0.4,1.2589254117941673,1.5848931924611136,0,8477883
HydroRIVERS,1.5,0.4,1.5848931924611136,1.9952623149688797,0,8477883
HydroRIVERS,1.5,0.4,1.9952623149688797,2.51188643150958,0,8477883
HydroRIVERS,1.5,0.4,2.51188643150958,3.1622776601683795,0,8477883
HydroRIVERS,1.5,0.4,3.1622776601683795,3.981071705534973,0,8477883
HydroRIVERS,1.5,0.4,3.981071705534973,5.011872336272724,0,8477883
HydroRIVERS,1.5,0.4,5.011872336272724,6.309573444801933,0,8477883
HydroRIVERS,1.5,0.4,6.309573444801933,7.943282347242816,0,8477883
HydroRIVERS,1.5,0.4,7.943282347242816,10.0,0,8477883
HydroRIVERS,1.5,0.4,10.0,12.589254117941675,0,8477883
HydroRIVERS,1.5,0.4,12.589254117941675,15.848931924611142,0,8477883
HydroRIVERS,1.5,0.4,15.848931924611142,19.952623149688797,0,8477883
HydroRIVERS,1.5,0.4,19.952623149688797,25.11886431509581,0,8477883
HydroRIVERS,1.5,0.4,25.11886431509581,31.622776601683793,0,8477883
HydroRIVERS,1.5,0.4,31.622776601683793,39.810717055349734,84,8477883
HydroRIVERS,1.5,0.4,39.810717055349734,50.11872336272725,201,8477883
HydroRIVERS,1.5,0.4,50.11872336272725,63.09573444801933,330,8477883
HydroRIVERS,1.5,0.4,63.09573444801933,79.43282347242817,892,8477883
HydroRIVERS,1.5,0.4,79.43282347242817,100.0,2453,8477883
HydroRIVERS,1.5,0.4,100.0,125.89254117941675,7350,8477883
HydroRIVERS,1.5,0.4,125.89254117941675,158.48931924611142,16326,8477883
HydroRIVERS,1.5,0.4,158.48931924611142,199.52623149688807,33540,8477883
HydroRIVERS,1.5,0.4,199.52623149688807,251.18864315095823,177563,8477883
HydroRIVERS,1.5,0.4,251.18864315095823,316.22776601683796,260484,8477883
HydroRIVERS,1.5,0.4,316.22776601683796,398.1071705534973,732658,8477883
HydroRIVERS,1.5,0.4,398.1071705534973,501.18723362727246,789264,8477883
HydroRIVERS,1.5,0.4,501.18723362727246,630.9573444801937,1177761,8477883
HydroRIVERS,1.5,0.4,630.9573444801937,794.3282347242822,1213723,8477883
HydroRIVERS,1.5,0.4,794.3282347242822,1000.0,1554664,8477883
HydroRIVERS,1.5,0.4,1000.0,1258.9254117941675,1869836,8477883
HydroRIVERS,1.5,0.4,1258.9254117941675,1584.893192461114,2125971,8477883
HydroRIVERS,1.5,0.4,1584.893192461114,1995.262314968881,2266507,8477883
HydroRIVERS,1.5,0.4,1995.262314968881,2511.886431509582,2304533,8477883
HydroRIVERS,1.5,0.4,2511.886431509582,3162.2776601683795,2227045,8477883
HydroRIVERS,1.5,0.4,3162.2776601683795,3981.0717055349733,1984703,8477883
HydroRIVERS,1.5,0.4,3981.0717055349733,5011.872336272725,1636327,8477883
HydroRIVERS,1.5,0.4,5011.872336272725,6309.573444801937,1238595,8477883
HydroRIVERS,1.5,0.4,6309.573444801937,7943.282347242822,849574,8477883
HydroRIVERS,1.5,0.4,7943.282347242822,10000.0,528226,8477883
HydroRIVERS,1.5,0.4,10000.0,12589.254117941688,297034,8477883
HydroRIVERS,1.5,0.4,12589.254117941688,15848.93192461114,152522,8477883
HydroRIVERS,1.5,0.4,15848.93192461114,19952.62314968879,74391,8477883
HydroRIVERS,1.5,0.4,19952.62314968879,25118.864315095823,36904,8477883
HydroRIVERS,1.5,0.4,25118.864315095823,31622.776601683792,20199,8477883
HydroRIVERS,1.5,0.4,31622.776601683792,39810.71705534977,12243,8477883
HydroRIVERS,1.5,0.4,39810.71705534977,50118.72336272725,7583,8477883
HydroRIVERS,1.5,0.4,50118.72336272725,63095.73444801943,4541,8477883
HydroRIVERS,1.5,0.4,63095.73444801943,79432.82347242821,2467,8477883
HydroRIVERS,1.5,0.4,79432.82347242821,100000.0,1280,8477883
HydroRIVERS,1.5,0.4,100000.0,125892.54117941688,633,8477883
HydroRIVERS,1.5,0.4,125892.54117941688,158489.3192461114,237,8477883
HydroRIVERS,1.5,0.4,158489.3192461114,199526.2314968883,92,8477883
HydroRIVERS,1.5,0.4,199526.2314968883,251188.6431509582,20,8477883
HydroRIVERS,1.5,0.4,251188.6431509582,316227.7660168379,5,8477883
HydroRIVERS,1.5,0.4,316227.7660168379,398107.17055349774,0,8477883
HydroRIVERS,1.5,0.4,398107.17055349774,501187.2336272725,0,8477883
HydroRIVERS,1.5,0.4,501187.2336272725,630957.3444801943,0,8477883
HydroRIVERS,1.5,0.4,630957.3444801943,794328.2347242822,0,8477883
HydroRIVERS,1.5,0.4,794328.2347242822,1000000.0,0,8477883
HydroRIVERS,1.5,0.4,1000000.0,1258925.4117941686,0,8477883
HydroRIVERS,1.5,0.4,1258925.4117941686,1584893.1924611141,0,8477883
HydroRIVERS,1.5,0.4,1584893.1924611141,1995262.3149688828,0,8477883
HydroRIVERS,1.5,0.4,1995262.3149688828,2511886.4315095823,0,8477883
HydroRIVERS,1.5,0.4,2511886.4315095823,3162277.6601683795,0,8477883
HydroRIVERS,1.5,0.4,3162277.6601683795,3981071.7055349774,0,8477883
HydroRIVERS,1.5,0.4,3981071.7055349774,5011872.336272725,0,8477883
HydroRIVERS,1.5,0.4,5011872.336272725,6309573.444801942,0,8477883
HydroRIVERS,1.5,0.4,6309573.444801942,7943282.347242822,0,8477883
HydroRIVERS,1.5,0.4,7943282.347242822,10000000.0,0,8477883
MERIT-Basins,0.5,0.1,1.0,1.2589254117941673,75,2939408
MERIT-Basins,0.5,0.1,1.2589254117941673,1.5848931924611136,75,2939408
MERIT-Basins,0.5,0.1,1.5848931924611136,1.9952623149688797,75,2939408
MERIT-Basins,0.5,0.1,1.9952623149688797,2.51188643150958,75,2939408
MERIT-Basins,0.5,0.1,2.51188643150958,3.1622776601683795,75,2939408
MERIT-Basins,0.5,0.1,3.1622776601683795,3.981071705534973,75,2939408
MERIT-Basins,0.5,0.1,3.981071705534973,5.011872336272724,78,2939408
MERIT-Basins,0.5,0.1,5.011872336272724,6.309573444801933,13,2939408
MERIT-Basins,0.5,0.1,6.309573444801933,7.943282347242816,27,2939408
MERIT-Basins,0.5,0.1,7.943282347242816,10.0,52,2939408
MERIT-Basins,0.5,0.1,10.0,12.589254117941675,91,2939408
MERIT-Basins,0.5,0.1,12.589254117941675,15.848931924611142,223,2939408
MERIT-Basins,0.5,0.1,15.848931924611142,19.952623149688797,408,2939408
MERIT-Basins,0.5,0.1,19.952623149688797,25.11886431509581,828,2939408
MERIT-Basins,0.5,0.1,25.11886431509581,31.622776601683793,1727,2939408
MERIT-Basins,0.5,0.1,31.622776601683793,39.810717055349734,6593,2939408
MERIT-Basins,0.5,0.1,39.810717055349734,50.11872336272725,10701,2939408
MERIT-Basins,0.5,0.1,50.11872336272725,63.09573444801933,14425,2939408
MERIT-Basins,0.5,0.1,63.09573444801933,79.43282347242817,18379,2939408
MERIT-Basins,0.5,0.1,79.43282347242817,100.0,27242,2939408
MERIT-Basins,0.5,0.1,100.0,125.89254117941675,36825,2939408
MERIT-Basins,0.5,0.1,125.89254117941675,158.48931924611142,50902,2939408
MERIT-Basins,0.5,0.1,158.48931924611142,199.52623149688807,69937,2939408
MERIT-Basins,0.5,0.1,199.52623149688807,251.18864315095823,95155,2939408
MERIT-Basins,0.5,0.1,251.18864315095823,316.22776601683796,128227,2939408
MERIT-Basins,0.5,0.1,316.22776601683796,398.1071705534973,172018,2939408
MERIT-Basins,0.5,0.1,398.1071705534973,501.18723362727246,225142,2939408
MERIT-Basins,0.5,0.1,501.18723362727246,630.9573444801937,294816,2939408
MERIT-Basins,0.5,0.1,630.9573444801937,794.3282347242822,391220,2939408
MERIT-Basins,0.5,0.1,794.3282347242822,1000.0,508179,2939408
MERIT-Basins,0.5,0.1,1000.0,1258.9254117941675,656490,2939408
MERIT-Basins,0.5,0.1,1258.9254117941675,1584.893192461114,835498,2939408
MERIT-Basins,0.5,0.1,1584.893192461114,1995.262314968881,1048023,2939408
MERIT-Basins,0.5,0.1,1995.262314968881,2511.886431509582,1287015,2939408
MERIT-Basins,0.5,0.1,2511.886431509582,3162.2776601683795,1542582,2939408
MERIT-Basins,0.5,0.1,3162.2776601683795,3981.0717055349733,1795698,2939408
MERIT-Basins,0.5,0.1,3981.0717055349733,5011.872336272725,2021502,2939408
MERIT-Basins,0.5,0.1,5011.872336272725,6309.573444801937,2194316,2939408
MERIT-Basins,0.5,0.1,6309.573444801937,7943.282347242822,2294858,2939408
MERIT-Basins,0.5,0.1,7943.282347242822,10000.0,2315263,2939408
MERIT-Basins,0.5,0.1,10000.0,12589.254117941688,2257518,2939408
MERIT-Basins,0.5,0.1,12589.254117941688,15848.93192461114,2129896,2939408
MERIT-Basins,0.5,0.1,15848.93192461114,19952.62314968879,1943402,2939408
MERIT-Basins,0.5,0.1,19952.62314968879,25118.864315095823,1709470,2939408
MERIT-Basins,0.5,0.1,25118.864315095823,31622.776601683792,1439802,2939408
MERIT-Basins,0.5,0.1,31622.776601683792,39810.71705534977,1151825,2939408
MERIT-Basins,0.5,0.1,39810.71705534977,50118.72336272725,864532,2939408
MERIT-Basins,0.5,0.1,50118.72336272725,63095.73444801943,603465,2939408
MERIT-Basins,0.5,0.1,63095.73444801943,79432.82347242821,387827,2939408
MERIT-Basins,0.5,0.1,79432.82347242821,100000.0,227299,2939408
MERIT-Basins,0.5,0.1,100000.0,125892.54117941688,121103,2939408
MERIT-Basins,0.5,0.1,125892.54117941688,158489.3192461114,59168,2939408
MERIT-Basins,0.5,0.1,158489.3192461114,199526.2314968883,26866,2939408
MERIT-Basins,0.5,0.1,199526.2314968883,251188.6431509582,11590,2939408
MERIT-Basins,0.5,0.1,251188.6431509582,316227.7660168379,4824,2939408
MERIT-Basins,0.5,0.1,316227.7660168379,398107.17055349774,1981,2939408
MERIT-Basins,0.5,0.1,398107.17055349774,501187.2336272725,820,2939408
MERIT-Basins,0.5,0.1,501187.2336272725,630957.3444801943,324,2939408
MERIT-Basins,0.5,0.1,630957.3444801943,794328.2347242822,126,2939408
MERIT-Basins,0.5,0.1,794328.2347242822,1000000.0,52,2939408
MERIT-Basins,0.5,0.1,1000000.0,1258925.4117941686,22,2939408
MERIT-Basins,0.5,0.1,1258925.4117941686,1584893.1924611141,3,2939408
MERIT-Basins,0.5,0.1,1584893.1924611141,1995262.3149688828,0,2939408
MERIT-Basins,0.5,0.1,1995262.3149688828,2511886.4315095823,0,2939408
MERIT-Basins,0.5,0.1,2511886.4315095823,3162277.6601683795,0,2939408
MERIT-Basins,0.5,0.1,3162277.6601683795,3981071.7055349774,0,2939408
MERIT-Basins,0.5,0.1,3981071.7055349774,5011872.336272725,0,2939408
MERIT-Basins,0.5,0.1,5011872.336272725,6309573.444801942,0,2939408
MERIT-Basins,0.5,0.1,6309573.444801942,7943282.347242822,0,2939408
MERIT-Basins,0.5,0.1,7943282.347242822,10000000.0,0,2939408
MERIT-Basins,0.5,0.25,1.0,1.2589254117941673,75,2939408
MERIT-Basins,0.5,0.25,1.2589254117941673,1.5848931924611136,75,2939408
MERIT-Basins,0.5,0.25,1.5848931924611136,1.9952623149688797,75,2939408
MERIT-Basins,0.5,0.25,1.9952623149688797,2.51188643150958,75,2939408
MERIT-Basins,0.5,0.25,2.51188643150958,3.1622776601683795,75,2939408
MERIT-Basins,0.5,0.25,3.1622776601683795,3.981071705534973,75,2939408
MERIT-Basins,0.5,0.25,3.981071705534973,5.011872336272724,0,2939408
MERIT-Basins,0.5,0.25,5.011872336272724,6.309573444801933,0,2939408
MERIT-Basins,0.5,0.25,6.309573444801933,7.943282347242816,0,2939408
MERIT-Basins,0.5,0.25,7.943282347242816,10.0,0,2939408
MERIT-Basins,0.5,0.25,10.0,12.589254117941675,3,2939408
MERIT-Basins,0.5,0.25,12.589254117941675,15.848931924611142,14,2939408
MERIT-Basins,0.5,0.25,15.848931924611142,19.952623149688797,27,2939408
MERIT-Basins,0.5,0.25,19.952623149688797,25.11886431509581,53,2939408
MERIT-Basins,0.5,0.25,25.11886431509581,31.622776601683793,92,2939408
MERIT-Basins,0.5,0.25,31.622776601683793,39.810717055349734,227,2939408
MERIT-Basins,0.5,0.25,39.810717055349734,50.11872336272725,408,2939408
MERIT-Basins,0.5,0.25,50.11872336272725,63.09573444801933,820,2939408
MERIT-Basins,0.5,0.25,63.09573444801933,79.43282347242817,1715,2939408
MERIT-Basins,0.5,0.25,79.43282347242817,100.0,6575,2939408
MERIT-Basins,0.5,0.25,100.0,125.89254117941675,10819,2939408
MERIT-Basins,0.5,0.25,125.89254117941675,158.48931924611142,14174,2939408
MERIT-Basins,0.5,0.25,158.48931924611142,199.52623149688807,18045,2939408
MERIT-Basins,0.5,0.25,199.52623149688807,251.18864315095823,26436,2939408
MERIT-Basins,0.5,0.25,251.18864315095823,316.22776601683796,35528,2939408
MERIT-Basins,0.5,0.25,316.22776601683796,398.1071705534973,44231,2939408
MERIT-Basins,0.5,0.25,398.1071705534973,501.18723362727246,57219,2939408
MERIT-Basins,0.5,0.25,501.18723362727246,630.9573444801937,81551,2939408
MERIT-Basins,0.5,0.25,630.9573444801937,794.3282347242822,109809,2939408
MERIT-Basins,0.5,0.25,794.3282347242822,1000.0,145657,2939408
MERIT-Basins,0.5,0.25,1000.0,1258.9254117941675,193922,2939408
MERIT-Basins,0.5,0.25,1258.9254117941675,1584.893192461114,255279,2939408
MERIT-Basins,0.5,0.25,1584.893192461114,1995.262314968881,333220,2939408
MERIT-Basins,0.5,0.25,1995.262314968881,2511.886431509582,430957,2939408
MERIT-Basins,0.5,0.25,2511.886431509582,3162.2776601683795,551132,2939408
MERIT-Basins,0.5,0.25,3162.2776601683795,3981.0717055349733,695746,2939408
MERIT-Basins,0.5,0.25,3981.0717055349733,5011.872336272725,862161,2939408
MERIT-Basins,0.5,0.25,5011.872336272725,6309.573444801937,1042399,2939408
MERIT-Basins,0.5,0.25,6309.573444801937,7943.282347242822,1223287,2939408
MERIT-Basins,0.5,0.25,7943.282347242822,10000.0,1383254,2939408
MERIT-Basins,0.5,0.25,10000.0,12589.254117941688,1494239,2939408
MERIT-Basins,0.5,0.25,12589.254117941688,15848.93192461114,1531413,2939408
MERIT-Basins,0.5,0.25,15848.93192461114,19952.62314968879,1479944,2939408
MERIT-Basins,0.5,0.25,19952.62314968879,25118.864315095823,1340316,2939408
MERIT-Basins,0.5,0.25,25118.864315095823,31622.776601683792,1132187,2939408
MERIT-Basins,0.5,0.25,31622.776601683792,39810.71705534977,885151,2939408
MERIT-Basins,0.5,0.25,39810.71705534977,50118.72336272725,637780,2939408
MERIT-Basins,0.5,0.25,50118.72336272725,63095.73444801943,421158,2939408
MERIT-Basins,0.5,0.25,63095.73444801943,79432.82347242821,253001,2939408
MERIT-Basins,0.5,0.25,79432.82347242821,100000.0,138202,2939408
MERIT-Basins,0.5,0.25,100000.0,125892.54117941688,68645,2939408
MERIT-Basins,0.5,0.25,125892.54117941688,158489.3192461114,31595,2939408
MERIT-Basins,0.5,0.25,158489.3192461114,199526.2314968883,13819,2939408
MERIT-Basins,0.5,0.25,199526.2314968883,251188.6431509582,5764,2939408
MERIT-Basins,0.5,0.25,251188.6431509582,316227.7660168379,2400,2939408
MERIT-Basins,0.5,0.25,316227.7660168379,398107.17055349774,973,2939408
MERIT-Basins,0.5,0.25,398107.17055349774,501187.2336272725,403,2939408
MERIT-Basins,0.5,0.25,501187.2336272725,630957.3444801943,161,2939408
MERIT-Basins,0.5,0.25,630957.3444801943,794328.2347242822,58,2939408
MERIT-Basins,0.5,0.25,794328.2347242822,1000000.0,27,2939408
MERIT-Basins,0.5,0.25,1000000.0,1258925.4117941686,4,2939408
MERIT-Basins,0.5,0.25,1258925.4117941686,1584893.1924611141,1,2939408
MERIT-Basins,0.5,0.25,1584893.1924611141,1995262.3149688828,0,2939408
MERIT-Basins,0.5,0.25,1995262.3149688828,2511886.4315095823,0,2939408
MERIT-Basins,0.5,0.25,2511886.4315095823,3162277.6601683795,0,2939408
MERIT-Basins,0.5,0.25,3162277.6601683795,3981071.7055349774,0,2939408
MERIT-Basins,0.5,0.25,3981071.7055349774,5011872.336272725,0,2939408
MERIT-Basins,0.5,0.25,5011872.336272725,6309573.444801942,0,2939408
MERIT-Basins,0.5,0.25,6309573.444801942,7943282.347242822,0,2939408
MERIT-Basins,0.5,0.25,7943282.347242822,10000000.0,0,2939408
MERIT-Basins,0.5,0.4,1.0,1.2589254117941673,0,2939408
MERIT-Basins,0.5,0.4,1.2589254117941673,1.5848931924611136,0,2939408
MERIT-Basins,0.5,0.4,1.5848931924611136,1.9952623149688797,75,2939408
MERIT-Basins,0.5,0.4,1.9952623149688797,2.51188643150958,75,2939408
MERIT-Basins,0.5,0.4,2.51188643150958,3.1622776601683795,75,2939408
MERIT-Basins,0.5,0.4,3.1622776601683795,3.981071705534973,0,2939408
MERIT-Basins,0.5,0.4,3.981071705534973,5.011872336272724,0,2939408
MERIT-Basins,0.5,0.4,5.011872336272724,6.309573444801933,0,2939408
MERIT-Basins,0.5,0.4,6.309573444801933,7.943282347242816,0,2939408
MERIT-Basins,0.5,0.4,7.943282347242816,10.0,0,2939408
MERIT-Basins,0.5,0.4,10.0,12.589254117941675,0,2939408
MERIT-Basins,0.5,0.4,12.589254117941675,15.848931924611142,0,2939408
MERIT-Basins,0.5,0.4,15.848931924611142,19.952623149688797,3,2939408
MERIT-Basins,0.5,0.4,19.952623149688797,25.11886431509581,13,2939408
MERIT-Basins,0.5,0.4,25.11886431509581,31.622776601683793,25,2939408
MERIT-Basins,0.5,0.4,31.622776601683793,39.810717055349734,47,2939408
MERIT-Basins,0.5,0.4,39.810717055349734,50.11872336272725,75,2939408
MERIT-Basins,0.5,0.4,50.11872336272725,63.09573444801933,189,2939408
MERIT-Basins,0.5,0.4,63.09573444801933,79.43282347242817,343,2939408
MERIT-Basins,0.5,0.4,79.43282347242817,100.0,701,2939408
MERIT-Basins,0.5,0.4,100.0,125.89254117941675,1432,2939408
MERIT-Basins,0.5,0.4,125.89254117941675,158.48931924611142,6076,2939408
MERIT-Basins,0.5,0.4,158.48931924611142,199.52623149688807,9533,2939408
MERIT-Basins,0.5,0.4,199.52623149688807,251.18864315095823,12352,2939408
MERIT-Basins,0.5,0.4,251.18864315095823,316.22776601683796,11249,2939408
MERIT-Basins,0.5,0.4,316.22776601683796,398.1071705534973,13523,2939408
MERIT-Basins,0.5,0.4,398.1071705534973,501.18723362727246,21656,2939408
MERIT-Basins,0.5,0.4,501.18723362727246,630.9573444801937,30680,2939408
MERIT-Basins,0.5,0.4,630.9573444801937,794.3282347242822,40082,2939408
MERIT-Basins,0.5,0.4,794.3282347242822,1000.0,55421,2939408
MERIT-Basins,0.5,0.4,1000.0,1258.9254117941675,73818,2939408
MERIT-Basins,0.5,0.4,1258.9254117941675,1584.893192461114,98677,2939408
MERIT-Basins,0.5,0.4,1584.893192461114,1995.262314968881,129332,2939408
MERIT-Basins,0.5,0.4,1995.262314968881,2511.886431509582,168877,2939408
MERIT-Basins,0.5,0.4,2511.886431509582,3162.2776601683795,218558,2939408
MERIT-Basins,0.5,0.4,3162.2776601683795,3981.0717055349733,280659,2939408
MERIT-Basins,0.5,0.4,3981.0717055349733,5011.872336272725,355081,2939408
MERIT-Basins,0.5,0.4,5011.872336272725,6309.573444801937,443037,2939408
MERIT-Basins,0.5,0.4,6309.573444801937,7943.282347242822,539421,2939408
MERIT-Basins,0.5,0.4,7943.282347242822,10000.0,636168,2939408
MERIT-Basins,0.5,0.4,10000.0,12589.254117941688,721253,2939408
MERIT-Basins,0.5,0.4,12589.254117941688,15848.93192461114,777018,2939408
MERIT-Basins,0.5,0.4,15848.93192461114,19952.62314968879,786765,2939408
MERIT-Basins,0.5,0.4,19952.62314968879,25118.864315095823,738701,2939408
MERIT-Basins,0.5,0.4,25118.864315095823,31622.776601683792,635473,2939408
MERIT-Basins,0.5,0.4,31622.776601683792,39810.71705534977,496543,2939408
MERIT-Basins,0.5,0.4,39810.71705534977,50118.72336272725,350196,2939408
MERIT-Basins,0.5,0.4,50118.72336272725,63095.73444801943,221061,2939408
MERIT-Basins,0.5,0.4,63095.73444801943,79432.82347242821,124744,2939408
MERIT-Basins,0.5,0.4,79432.82347242821,100000.0,63428,2939408
MERIT-Basins,0.5,0.4,100000.0,125892.54117941688,29504,2939408
MERIT-Basins,0.5,0.4,125892.54117941688,158489.3192461114,13084,2939408
MERIT-Basins,0.5,0.4,158489.3192461114,199526.2314968883,5464,2939408
MERIT-Basins,0.5,0.4,199526.2314968883,251188.6431509582,2265,2939408
MERIT-Basins,0.5,0.4,251188.6431509582,316227.7660168379,931,2939408
MERIT-Basins,0.5,0.4,316227.7660168379,398107.17055349774,385,2939408
MERIT-Basins,0.5,0.4,398107.17055349774,501187.2336272725,157,2939408
MERIT-Basins,0.5,0.4,501187.2336272725,630957.3444801943,58,2939408
MERIT-Basins,0.5,0.4,630957.3444801943,794328.2347242822,27,2939408
MERIT-Basins,0.5,0.4,794328.2347242822,1000000.0,4,2939408
MERIT-Basins,0.5,0.4,1000000.0,1258925.4117941686,1,2939408
MERIT-Basins,0.5,0.4,1258925.4117941686,1584893.1924611141,0,2939408
MERIT-Basins,0.5,0.4,1584893.1924611141,1995262.3149688828,0,2939408
MERIT-Basins,0.5,0.4,1995262.3149688828,2511886.4315095823,0,2939408
MERIT-Basins,0.5,0.4,2511886.4315095823,3162277.6601683795,0,2939408
MERIT-Basins,0.5,0.4,3162277.6601683795,3981071.7055349774,0,2939408
MERIT-Basins,0.5,0.4,3981071.7055349774,5011872.336272725,0,2939408
MERIT-Basins,0.5,0.4,5011872.336272725,6309573.444801942,0,2939408
MERIT-Basins,0.5,0.4,6309573.444801942,7943282.347242822,0,2939408
MERIT-Basins,0.5,0.4,7943282.347242822,10000000.0,0,2939408
MERIT-Basins,1.0,0.1,1.0,1.2589254117941673,75,2939408
MERIT-Basins,1.0,0.1,1.2589254117941673,1.5848931924611136,75,2939408
MERIT-Basins,1.0,0.1,1.5848931924611136,1.9952623149688797,75,2939408
MERIT-Basins,1.0,0.1,1.9952623149688797,2.51188643150958,71,2939408
MERIT-Basins,1.0,0.1,2.51188643150958,3.1622776601683795,13,2939408
MERIT-Basins,1.0,0.1,3.1622776601683795,3.981071705534973,27,2939408
MERIT-Basins,1.0,0.1,3.981071705534973,5.011872336272724,52,2939408
MERIT-Basins,1.0,0.1,5.011872336272724,6.309573444801933,91,2939408
MERIT-Basins,1.0,0.1,6.309573444801933,7.943282347242816,224,2939408
MERIT-Basins,1.0,0.1,7.943282347242816,10.0,412,2939408
MERIT-Basins,1.0,0.1,10.0,12.589254117941675,833,2939408
MERIT-Basins,1.0,0.1,12.589254117941675,15.848931924611142,1739,2939408
MERIT-Basins,1.0,0.1,15.848931924611142,19.952623149688797,6616,2939408
MERIT-Basins,1.0,0.1,19.952623149688797,25.11886431509581,10805,2939408
MERIT-Basins,1.0,0.1,25.11886431509581,31.622776601683793,14435,2939408
MERIT-Basins,1.0,0.1,31.622776601683793,39.810717055349734,18447,2939408
MERIT-Basins,1.0,0.1,39.810717055349734,50.11872336272725,27322,2939408
MERIT-Basins,1.0,0.1,50.11872336272725,63.09573444801933,37106,2939408
MERIT-Basins,1.0,0.1,63.09573444801933,79.43282347242817,51035,2939408
MERIT-Basins,1.0,0.1,79.43282347242817,100.0,70184,2939408
MERIT-Basins,1.0,0.1,100.0,125.89254117941675,95465,2939408
MERIT-Basins,1.0,0.1,125.89254117941675,158.48931924611142,128601,2939408
MERIT-Basins,1.0,0.1,158.48931924611142,199.52623149688807,172448,2939408
MERIT-Basins,1.0,0.1,199.52623149688807,251.18864315095823,225679,2939408
MERIT-Basins,1.0,0.1,251.18864315095823,316.22776601683796,295720,2939408
MERIT-Basins,1.0,0.1,316.22776601683796,398.1071705534973,392363,2939408
MERIT-Basins,1.0,0.1,398.1071705534973,501.18723362727246,509315,2939408
MERIT-Basins,1.0,0.1,501.18723362727246,630.9573444801937,657628,2939408
MERIT-Basins,1.0,0.1,630.9573444801937,794.3282347242822,837564,2939408
MERIT-Basins,1.0,0.1,794.3282347242822,1000.0,1050362,2939408
MERIT-Basins,1.0,0.1,1000.0,1258.9254117941675,1289623,2939408
MERIT-Basins,1.0,0.1,1258.9254117941675,1584.893192461114,1545271,2939408
MERIT-Basins,1.0,0.1,1584.893192461114,1995.262314968881,1798277,2939408
MERIT-Basins,1.0,0.1,1995.262314968881,2511.886431509582,2023681,2939408
MERIT-Basins,1.0,0.1,2511.886431509582,3162.2776601683795,2195632,2939408
MERIT-Basins,1.0,0.1,3162.2776601683795,3981.0717055349733,2295593,2939408
MERIT-Basins,1.0,0.1,3981.0717055349733,5011.872336272725,2315141,2939408
MERIT-Basins,1.0,0.1,5011.872336272725,6309.573444801937,2256645,2939408
MERIT-Basins,1.0,0.1,6309.573444801937,7943.282347242822,2128197,2939408
MERIT-Basins,1.0,0.1,7943.282347242822,10000.0,1941304,2939408
MERIT-Basins,1.0,0.1,10000.0,12589.254117941688,1706842,2939408
MERIT-Basins,1.0,0.1,12589.254117941688,15848.93192461114,1436838,2939408
MERIT-Basins,1.0,0.1,15848.93192461114,19952.62314968879,1148878,2939408
MERIT-Basins,1.0,0.1,19952.62314968879,25118.864315095823,861732,2939408
MERIT-Basins,1.0,0.1,25118.864315095823,31622.776601683792,601007,2939408
MERIT-Basins,1.0,0.1,31622.776601683792,39810.71705534977,385876,2939408
MERIT-Basins,1.0,0.1,39810.71705534977,50118.72336272725,226004,2939408
MERIT-Basins,1.0,0.1,50118.72336272725,63095.73444801943,120330,2939408
MERIT-Basins,1.0,0.1,63095.73444801943,79432.82347242821,58708,2939408
MERIT-Basins,1.0,0.1,79432.82347242821,100000.0,26635,2939408
MERIT-Basins,1.0,0.1,100000.0,125892.54117941688,11474,2939408
MERIT-Basins,1.0,0.1,125892.54117941688,158489.3192461114,4778,2939408
MERIT-Basins,1.0,0.1,158489.3192461114,199526.2314968883,1965,2939408
MERIT-Basins,1.0,0.1,199526.2314968883,251188.6431509582,816,2939408
MERIT-Basins,1.0,0.1,251188.6431509582,316227.7660168379,323,2939408
MERIT-Basins,1.0,0.1,316227.7660168379,398107.17055349774,125,2939408
MERIT-Basins,1.0,0.1,398107.17055349774,501187.2336272725,52,2939408
MERIT-Basins,1.0,0.1,501187.2336272725,630957.3444801943,21,2939408
MERIT-Basins,1.0,0.1,630957.3444801943,794328.2347242822,3,2939408
MERIT-Basins,1.0,0.1,794328.2347242822,1000000.0,0,2939408
MERIT-Basins,1.0,0.1,1000000.0,1258925.4117941686,0,2939408
MERIT-Basins,1.0,0.1,1258925.4117941686,1584893.1924611141,0,2939408
MERIT-Basins,1.0,0.1,1584893.1924611141,1995262.3149688828,0,2939408
MERIT-Basins,1.0,0.1,1995262.3149688828,2511886.4315095823,0,2939408
MERIT-Basins,1.0,0.1,2511886.4315095823,3162277.6601683795,0,2939408
MERIT-Basins,1.0,0.1,3162277.6601683795,3981071.7055349774,0,2939408
MERIT-Basins,1.0,0.1,3981071.7055349774,5011872.336272725,0,2939408
MERIT-Basins,1.0,0.1,5011872.336272725,6309573.444801942,0,2939408
MERIT-Basins,1.0,0.1,6309573.444801942,7943282.347242822,0,2939408
MERIT-Basins,1.0,0.1,7943282.347242822,10000000.0,0,2939408
MERIT-Basins,1.0,0.25,1.0,1.2589254117941673,75,2939408
MERIT-Basins,1.0,0.25,1.2589254117941673,1.5848931924611136,75,2939408
MERIT-Basins,1.0,0.25,1.5848931924611136,1.9952623149688797,75,2939408
MERIT-Basins,1.0,0.25,1.9952623149688797,2.51188643150958,0,2939408
MERIT-Basins,1.0,0.25,2.51188643150958,3.1622776601683795,0,2939408
MERIT-Basins,1.0,0.25,3.1622776601683795,3.981071705534973,0,2939408
MERIT-Basins,1.0,0.25,3.981071705534973,5.011872336272724,0,2939408
MERIT-Basins,1.0,0.25,5.011872336272724,6.309573444801933,3,2939408
MERIT-Basins,1.0,0.25,6.309573444801933,7.943282347242816,14,2939408
MERIT-Basins,1.0,0.25,7.943282347242816,10.0,27,2939408
MERIT-Basins,1.0,0.25,10.0,12.589254117941675,54,2939408
MERIT-Basins,1.0,0.25,12.589254117941675,15.848931924611142,92,2939408
MERIT-Basins,1.0,0.25,15.848931924611142,19.952623149688797,228,2939408
MERIT-Basins,1.0,0.25,19.952623149688797,25.11886431509581,410,2939408
MERIT-Basins,1.0,0.25,25.11886431509581,31.622776601683793,828,2939408
MERIT-Basins,1.0,0.25,31.622776601683793,39.810717055349734,1733,2939408
MERIT-Basins,1.0,0.25,39.810717055349734,50.11872336272725,6598,2939408
MERIT-Basins,1.0,0.25,50.11872336272725,63.09573444801933,10914,2939408
MERIT-Basins,1.0,0.25,63.09573444801933,79.43282347242817,14181,2939408
MERIT-Basins,1.0,0.25,79.43282347242817,100.0,18118,2939408
MERIT-Basins,1.0,0.25,100.0,125.89254117941675,26521,2939408
MERIT-Basins,1.0,0.25,125.89254117941675,158.48931924611142,35816,2939408
MERIT-Basins,1.0,0.25,158.48931924611142,199.52623149688807,44362,2939408
MERIT-Basins,1.0,0.25,199.52623149688807,251.18864315095823,57558,2939408
MERIT-Basins,1.0,0.25,251.18864315095823,316.22776601683796,82029,2939408
MERIT-Basins,1.0,0.25,316.22776601683796,398.1071705534973,110148,2939408
MERIT-Basins,1.0,0.25,398.1071705534973,501.18723362727246,146168,2939408
MERIT-Basins,1.0,0.25,501.18723362727246,630.9573444801937,194464,2939408
MERIT-Basins,1.0,0.25,630.9573444801937,794.3282347242822,256011,2939408
MERIT-Basins,1.0,0.25,794.3282347242822,1000.0,334143,2939408
MERIT-Basins,1.0,0.25,1000.0,1258.9254117941675,432127,2939408
MERIT-Basins,1.0,0.25,1258.9254117941675,1584.893192461114,552518,2939408
MERIT-Basins,1.0,0.25,1584.893192461114,1995.262314968881,697444,2939408
MERIT-Basins,1.0,0.25,1995.262314968881,2511.886431509582,863992,2939408
MERIT-Basins,1.0,0.25,2511.886431509582,3162.2776601683795,1044212,2939408
MERIT-Basins,1.0,0.25,3162.2776601683795,3981.0717055349733,1224882,2939408
MERIT-Basins,1.0,0.25,3981.0717055349733,5011.872336272725,1384841,2939408
MERIT-Basins,1.0,0.25,5011.872336272725,6309.573444801937,1494936,2939408
MERIT-Basins,1.0,0.25,6309.573444801937,7943.282347242822,1531377,2939408
MERIT-Basins,1.0,0.25,7943.282347242822,10000.0,1478935,2939408
MERIT-Basins,1.0,0.25,10000.0,12589.254117941688,1338474,2939408
MERIT-Basins,1.0,0.25,12589.254117941688,15848.93192461114,1129811,2939408
MERIT-Basins,1.0,0.25,15848.93192461114,19952.62314968879,882605,2939408
MERIT-Basins,1.0,0.25,19952.62314968879,25118.864315095823,635255,2939408
MERIT-Basins,1.0,0.25,25118.864315095823,31622.776601683792,419176,2939408
MERIT-Basins,1.0,0.25,31622.776601683792,39810.71705534977,251580,2939408
MERIT-Basins,1.0,0.25,39810.71705534977,50118.72336272725,137257,2939408
MERIT-Basins,1.0,0.25,50118.72336272725,63095.73444801943,68099,2939408
MERIT-Basins,1.0,0.25,63095.73444801943,79432.82347242821,31316,2939408
MERIT-Basins,1.0,0.25,79432.82347242821,100000.0,13688,2939408
MERIT-Basins,1.0,0.25,100000.0,125892.54117941688,5714,2939408
MERIT-Basins,1.0,0.25,125892.54117941688,158489.3192461114,2381,2939408
MERIT-Basins,1.0,0.25,158489.3192461114,199526.2314968883,969,2939408
MERIT-Basins,1.0,0.25,199526.2314968883,251188.6431509582,400,2939408
MERIT-Basins,1.0,0.25,251188.6431509582,316227.7660168379,159,2939408
MERIT-Basins,1.0,0.25,316227.7660168379,398107.17055349774,58,2939408
MERIT-Basins,1.0,0.25,398107.17055349774,501187.2336272725,27,2939408
MERIT-Basins,1.0,0.25,501187.2336272725,630957.3444801943,4,2939408
MERIT-Basins,1.0,0.25,630957.3444801943,794328.2347242822,1,2939408
MERIT-Basins,1.0,0.25,794328.2347242822,1000000.0,0,2939408
MERIT-Basins,1.0,0.25,1000000.0,1258925.4117941686,0,2939408
MERIT-Basins,1.0,0.25,1258925.4117941686,1584893.1924611141,0,2939408
MERIT-Basins,1.0,0.25,1584893.1924611141,1995262.3149688828,0,2939408
MERIT-Basins,1.0,0.25,1995262.3149688828,2511886.4315095823,0,2939408
MERIT-Basins,1.0,0.25,2511886.4315095823,3162277.6601683795,0,2939408
MERIT-Basins,1.0,0.25,3162277.6601683795,3981071.7055349774,0,2939408
MERIT-Basins,1.0,0.25,3981071.7055349774,5011872.336272725,0,2939408
MERIT-Basins,1.0,0.25,5011872.336272725,6309573.444801942,0,2939408
MERIT-Basins,1.0,0.25,6309573.444801942,7943282.347242822,0,2939408
MERIT-Basins,1.0,0.25,7943282.347242822,10000000.0,0,2939408
MERIT-Basins,1.0,0.4,1.0,1.2589254117941673,75,2939408
MERIT-Basins,1.0,0.4,1.2589254117941673,1.5848931924611136,75,2939408
MERIT-Basins,1.0,0.4,1.5848931924611136,1.9952623149688797,0,2939408
MERIT-Basins,1.0,0.4,1.9952623149688797,2.51188643150958,0,2939408
MERIT-Basins,1.0,0.4,2.51188643150958,3.1622776601683795,0,2939408
MERIT-Basins,1.0,0.4,3.1622776601683795,3.981071705534973,0,2939408
MERIT-Basins,1.0,0.4,3.981071705534973,5.011872336272724,0,2939408
MERIT-Basins,1.0,0.4,5.011872336272724,6.309573444801933,0,2939408
MERIT-Basins,1.0,0.4,6.309573444801933,7.943282347242816,0,2939408
MERIT-Basins,1.0,0.4,7.943282347242816,10.0,3,2939408
MERIT-Basins,1.0,0.4,10.0,12.589254117941675,13,2939408
MERIT-Basins,1.0,0.4,12.589254117941675,15.848931924611142,26,2939408
MERIT-Basins,1.0,0.4,15.848931924611142,19.952623149688797,47,2939408
MERIT-Basins,1.0,0.4,19.952623149688797,25.11886431509581,75,2939408
MERIT-Basins,1.0,0.4,25.11886431509581,31.622776601683793,192,2939408
MERIT-Basins,1.0,0.4,31.622776601683793,39.810717055349734,345,2939408
MERIT-Basins,1.0,0.4,39.810717055349734,50.11872336272725,707,2939408
MERIT-Basins,1.0,0.4,50.11872336272725,63.09573444801933,1442,2939408
MERIT-Basins,1.0,0.4,63.09573444801933,79.43282347242817,6097,2939408
MERIT-Basins,1.0,0.4,79.43282347242817,100.0,9618,2939408
MERIT-Basins,1.0,0.4,100.0,125.89254117941675,12351,2939408
MERIT-Basins,1.0,0.4,125.89254117941675,158.48931924611142,11277,2939408
MERIT-Basins,1.0,0.4,158.48931924611142,199.52623149688807,13598,2939408
MERIT-Basins,1.0,0.4,199.52623149688807,251.18864315095823,21862,2939408
MERIT-Basins,1.0,0.4,251.18864315095823,316.22776601683796,30741,2939408
MERIT-Basins,1.0,0.4,316.22776601683796,398.1071705534973,40280,2939408
MERIT-Basins,1.0,0.4,398.1071705534973,501.18723362727246,55595,2939408
MERIT-Basins,1.0,0.4,501.18723362727246,630.9573444801937,74041,2939408
MERIT-Basins,1.0,0.4,630.9573444801937,794.3282347242822,98905,2939408
MERIT-Basins,1.0,0.4,794.3282347242822,1000.0,129966,2939408
MERIT-Basins,1.0,0.4,1000.0,1258.9254117941675,169225,2939408
MERIT-Basins,1.0,0.4,1258.9254117941675,1584.893192461114,219012,2939408
MERIT-Basins,1.0,0.4,1584.893192461114,1995.262314968881,281359,2939408
MERIT-Basins,1.0,0.4,1995.262314968881,2511.886431509582,356042,2939408
MERIT-Basins,1.0,0.4,2511.886431509582,3162.2776601683795,443950,2939408
MERIT-Basins,1.0,0.4,3162.2776601683795,3981.0717055349733,540594,2939408
MERIT-Basins,1.0,0.4,3981.0717055349733,5011.872336272725,637046,2939408
MERIT-Basins,1.0,0.4,5011.872336272725,6309.573444801937,721928,2939408
MERIT-Basins,1.0,0.4,6309.573444801937,7943.282347242822,777544,2939408
MERIT-Basins,1.0,0.4,7943.282347242822,10000.0,786522,2939408
MERIT-Basins,1.0,0.4,10000.0,12589.254117941688,738029,2939408
MERIT-Basins,1.0,0.4,12589.254117941688,15848.93192461114,634229,2939408
MERIT-Basins,1.0,0.4,15848.93192461114,19952.62314968879,494995,2939408
MERIT-Basins,1.0,0.4,19952.62314968879,25118.864315095823,348729,2939408
MERIT-Basins,1.0,0.4,25118.864315095823,31622.776601683792,219860,2939408
MERIT-Basins,1.0,0.4,31622.776601683792,39810.71705534977,123944,2939408
MERIT-Basins,1.0,0.4,39810.71705534977,50118.72336272725,62944,2939408
MERIT-Basins,1.0,0.4,50118.72336272725,63095.73444801943,29261,2939408
MERIT-Basins,1.0,0.4,63095.73444801943,79432.82347242821,12957,2939408
MERIT-Basins,1.0,0.4,79432.82347242821,100000.0,5411,2939408
MERIT-Basins,1.0,0.4,100000.0,125892.54117941688,2244,2939408
MERIT-Basins,1.0,0.4,125892.54117941688,158489.3192461114,917,2939408
MERIT-Basins,1.0,0.4,158489.3192461114,199526.2314968883,379,2939408
MERIT-Basins,1.0,0.4,199526.2314968883,251188.6431509582,154,2939408
MERIT-Basins,1.0,0.4,251188.6431509582,316227.7660168379,57,2939408
MERIT-Basins,1.0,0.4,316227.7660168379,398107.17055349774,27,2939408
MERIT-Basins,1.0,0.4,398107.17055349774,501187.2336272725,4,2939408
MERIT-Basins,1.0,0.4,501187.2336272725,630957.3444801943,1,2939408
MERIT-Basins,1.0,0.4,630957.3444801943,794328.2347242822,0,2939408
MERIT-Basins,1.0,0.4,794328.2347242822,1000000.0,0,2939408
MERIT-Basins,1.0,0.4,1000000.0,1258925.4117941686,0,2939408
MERIT-Basins,1.0,0.4,1258925.4117941686,1584893.1924611141,0,2939408
MERIT-Basins,1.0,0.4,1584893.1924611141,1995262.3149688828,0,2939408
MERIT-Basins,1.0,0.4,1995262.3149688828,2511886.4315095823,0,2939408
MERIT-Basins,1.0,0.4,2511886.4315095823,3162277.6601683795,0,2939408
MERIT-Basins,1.0,0.4,3162277.6601683795,3981071.7055349774,0,2939408
MERIT-Basins,1.0,0.4,3981071.7055349774,5011872.336272725,0,2939408
MERIT-Basins,1.0,0.4,5011872.336272725,6309573.444801942,0,2939408
MERIT-Basins,1.0,0.4,6309573.444801942,7943282.347242822,0,2939408
MERIT-Basins,1.0,0.4,7943282.347242822,10000000.0,0,2939408
MERIT-Basins,1.5,0.1,1.0,1.2589254117941673,75,2939408
MERIT-Basins,1.5,0.1,1.2589254117941673,1.5848931924611136,77,2939408
MERIT-Basins,1.5,0.1,1.5848931924611136,1.9952623149688797,7,2939408
MERIT-Basins,1.5,0.1,1.9952623149688797,2.51188643150958,23,2939408
MERIT-Basins,1.5,0.1,2.51188643150958,3.1622776601683795,44,2939408
MERIT-Basins,1.5,0.1,3.1622776601683795,3.981071705534973,84,2939408
MERIT-Basins,1.5,0.1,3.981071705534973,5.011872336272724,189,2939408
MERIT-Basins,1.5,0.1,5.011872336272724,6.309573444801933,365,2939408
MERIT-Basins,1.5,0.1,6.309573444801933,7.943282347242816,715,2939408
MERIT-Basins,1.5,0.1,7.943282347242816,10.0,1447,2939408
MERIT-Basins,1.5,0.1,10.0,12.589254117941675,6312,2939408
MERIT-Basins,1.5,0.1,12.589254117941675,15.848931924611142,9038,2939408
MERIT-Basins,1.5,0.1,15.848931924611142,19.952623149688797,14186,2939408
MERIT-Basins,1.5,0.1,19.952623149688797,25.11886431509581,17411,2939408
MERIT-Basins,1.5,0.1,25.11886431509581,31.622776601683793,25739,2939408
MERIT-Basins,1.5,0.1,31.622776601683793,39.810717055349734,33443,2939408
MERIT-Basins,1.5,0.1,39.810717055349734,50.11872336272725,47353,2939408
MERIT-Basins,1.5,0.1,50.11872336272725,63.09573444801933,64636,2939408
MERIT-Basins,1.5,0.1,63.09573444801933,79.43282347242817,89036,2939408
MERIT-Basins,1.5,0.1,79.43282347242817,100.0,119719,2939408
MERIT-Basins,1.5,0.1,100.0,125.89254117941675,160990,2939408
MERIT-Basins,1.5,0.1,125.89254117941675,158.48931924611142,210650,2939408
MERIT-Basins,1.5,0.1,158.48931924611142,199.52623149688807,275735,2939408
MERIT-Basins,1.5,0.1,199.52623149688807,251.18864315095823,367189,2939408
MERIT-Basins,1.5,0.1,251.18864315095823,316.22776601683796,479759,2939408
MERIT-Basins,1.5,0.1,316.22776601683796,398.1071705534973,618665,2939408
MERIT-Basins,1.5,0.1,398.1071705534973,501.18723362727246,791938,2939408
MERIT-Basins,1.5,0.1,501.18723362727246,630.9573444801937,996144,2939408
MERIT-Basins,1.5,0.1,630.9573444801937,794.3282347242822,1230401,2939408
MERIT-Basins,1.5,0.1,794.3282347242822,1000.0,1483898,2939408
MERIT-Basins,1.5,0.1,1000.0,1258.9254117941675,1739142,2939408
MERIT-Basins,1.5,0.1,1258.9254117941675,1584.893192461114,1973109,2939408
MERIT-Basins,1.5,0.1,1584.893192461114,1995.262314968881,2160603,2939408
MERIT-Basins,1.5,0.1,1995.262314968881,2511.886431509582,2278727,2939408
MERIT-Basins,1.5,0.1,2511.886431509582,3162.2776601683795,2317633,2939408
MERIT-Basins,1.5,0.1,3162.2776601683795,3981.0717055349733,2277372,2939408
MERIT-Basins,1.5,0.1,3981.0717055349733,5011.872336272725,2164664,2939408
MERIT-Basins,1.5,0.1,5011.872336272725,6309.573444801937,1990796,2939408
MERIT-Basins,1.5,0.1,6309.573444801937,7943.282347242822,1766429,2939408
MERIT-Basins,1.5,0.1,7943.282347242822,10000.0,1503995,2939408
MERIT-Basins,1.5,0.1,10000.0,12589.254117941688,1218638,2939408
MERIT-Basins,1.5,0.1,12589.254117941688,15848.93192461114,928633,2939408
MERIT-Basins,1.5,0.1,15848.93192461114,19952.62314968879,659552,2939408
MERIT-Basins,1.5,0.1,19952.62314968879,25118.864315095823,432324,2939408
MERIT-Basins,1.5,0.1,25118.864315095823,31622.776601683792,258923,2939408
MERIT-Basins,1.5,0.1,31622.776601683792,39810.71705534977,141235,2939408
MERIT-Basins,1.5,0.1,39810.71705534977,50118.72336272725,70249,2939408
MERIT-Basins,1.5,0.1,50118.72336272725,63095.73444801943,32315,2939408
MERIT-Basins,1.5,0.1,63095.73444801943,79432.82347242821,14164,2939408
MERIT-Basins,1.5,0.1,79432.82347242821,100000.0,5913,2939408
MERIT-Basins,1.5,0.1,100000.0,125892.54117941688,2454,2939408
MERIT-Basins,1.5,0.1,125892.54117941688,158489.3192461114,988,2939408
MERIT-Basins,1.5,0.1,158489.3192461114,199526.2314968883,412,2939408
MERIT-Basins,1.5,0.1,199526.2314968883,251188.6431509582,162,2939408
MERIT-Basins,1.5,0.1,251188.6431509582,316227.7660168379,58,2939408
MERIT-Basins,1.5,0.1,316227.7660168379,398107.17055349774,27,2939408
MERIT-Basins,1.5,0.1,398107.17055349774,501187.2336272725,4,2939408
MERIT-Basins,1.5,0.1,501187.2336272725,630957.3444801943,1,2939408
MERIT-Basins,1.5,0.1,630957.3444801943,794328.2347242822,0,2939408
MERIT-Basins,1.5,0.1,794328.2347242822,1000000.0,0,2939408
MERIT-Basins,1.5,0.1,1000000.0,1258925.4117941686,0,2939408
MERIT-Basins,1.5,0.1,1258925.4117941686,1584893.1924611141,0,2939408
MERIT-Basins,1.5,0.1,1584893.1924611141,1995262.3149688828,0,2939408
MERIT-Basins,1.5,0.1,1995262.3149688828,2511886.4315095823,0,2939408
MERIT-Basins,1.5,0.1,2511886.4315095823,3162277.6601683795,0,2939408
MERIT-Basins,1.5,0.1,3162277.6601683795,3981071.7055349774,0,2939408
MERIT-Basins,1.5,0.1,3981071.7055349774,5011872.336272725,0,2939408
MERIT-Basins,1.5,0.1,5011872.336272725,6309573.444801942,0,2939408
MERIT-Basins,1.5,0.1,6309573.444801942,7943282.347242822,0,2939408
MERIT-Basins,1.5,0.1,7943282.347242822,10000000.0,0,2939408
MERIT-Basins,1.5,0.25,1.0,1.2589254117941673,75,2939408
MERIT-Basins,1.5,0.25,1.2589254117941673,1.5848931924611136,0,2939408
MERIT-Basins,1.5,0.25,1.5848931924611136,1.9952623149688797,0,2939408
MERIT-Basins,1.5,0.25,1.9952623149688797,2.51188643150958,0,2939408
MERIT-Basins,1.5,0.25,2.51188643150958,3.1622776601683795,0,2939408
MERIT-Basins,1.5,0.25,3.1622776601683795,3.981071705534973,2,2939408
MERIT-Basins,1.5,0.25,3.981071705534973,5.011872336272724,7,2939408
MERIT-Basins,1.5,0.25,5.011872336272724,6.309573444801933,23,2939408
MERIT-Basins,1.5,0.25,6.309573444801933,7.943282347242816,45,2939408
MERIT-Basins,1.5,0.25,7.943282347242816,10.0,85,2939408
MERIT-Basins,1.5,0.25,10.0,12.589254117941675,190,2939408
MERIT-Basins,1.5,0.25,12.589254117941675,15.848931924611142,367,2939408
MERIT-Basins,1.5,0.25,15.848931924611142,19.952623149688797,709,2939408
MERIT-Basins,1.5,0.25,19.952623149688797,25.11886431509581,1437,2939408
MERIT-Basins,1.5,0.25,25.11886431509581,31.622776601683793,6271,2939408
MERIT-Basins,1.5,0.25,31.622776601683793,39.810717055349734,9048,2939408
MERIT-Basins,1.5,0.25,39.810717055349734,50.11872336272725,13980,2939408
MERIT-Basins,1.5,0.25,50.11872336272725,63.09573444801933,17077,2939408
MERIT-Basins,1.5,0.25,63.09573444801933,79.43282347242817,25052,2939408
MERIT-Basins,1.5,0.25,79.43282347242817,100.0,31974,2939408
MERIT-Basins,1.5,0.25,100.0,125.89254117941675,41057,2939408
MERIT-Basins,1.5,0.25,125.89254117941675,158.48931924611142,54378,2939408
MERIT-Basins,1.5,0.25,158.48931924611142,199.52623149688807,75531,2939408
MERIT-Basins,1.5,0.25,199.52623149688807,251.18864315095823,102842,2939408
MERIT-Basins,1.5,0.25,251.18864315095823,316.22776601683796,136783,2939408
MERIT-Basins,1.5,0.25,316.22776601683796,398.1071705534973,181479,2939408
MERIT-Basins,1.5,0.25,398.1071705534973,501.18723362727246,239600,2939408
MERIT-Basins,1.5,0.25,501.18723362727246,630.9573444801937,313083,2939408
MERIT-Basins,1.5,0.25,630.9573444801937,794.3282347242822,406213,2939408
MERIT-Basins,1.5,0.25,794.3282347242822,1000.0,521536,2939408
MERIT-Basins,1.5,0.25,1000.0,1258.9254117941675,660380,2939408
MERIT-Basins,1.5,0.25,1258.9254117941675,1584.893192461114,822069,2939408
MERIT-Basins,1.5,0.25,1584.893192461114,1995.262314968881,1000774,2939408
MERIT-Basins,1.5,0.25,1995.262314968881,2511.886431509582,1183206,2939408
MERIT-Basins,1.5,0.25,2511.886431509582,3162.2776601683795,1349855,2939408
MERIT-Basins,1.5,0.25,3162.2776601683795,3981.0717055349733,1474202,2939408
MERIT-Basins,1.5,0.25,3981.0717055349733,5011.872336272725,1530401,2939408
MERIT-Basins,1.5,0.25,5011.872336272725,6309.573444801937,1499572,2939408
MERIT-Basins,1.5,0.25,6309.573444801937,7943.282347242822,1379258,2939408
MERIT-Basins,1.5,0.25,7943.282347242822,10000.0,1184315,2939408
MERIT-Basins,1.5,0.25,10000.0,12589.254117941688,943086,2939408
MERIT-Basins,1.5,0.25,12589.254117941688,15848.93192461114,692763,2939408
MERIT-Basins,1.5,0.25,15848.93192461114,19952.62314968879,466872,2939408
MERIT-Basins,1.5,0.25,19952.62314968879,25118.864315095823,286522,2939408
MERIT-Basins,1.5,0.25,25118.864315095823,31622.776601683792,160077,2939408
MERIT-Basins,1.5,0.25,31622.776601683792,39810.71705534977,81189,2939408
MERIT-Basins,1.5,0.25,39810.71705534977,50118.72336272725,37943,2939408
MERIT-Basins,1.5,0.25,50118.72336272725,63095.73444801943,16773,2939408
MERIT-Basins,1.5,0.25,63095.73444801943,79432.82347242821,7075,2939408
MERIT-Basins,1.5,0.25,79432.82347242821,100000.0,2952,2939408
MERIT-Basins,1.5,0.25,100000.0,125892.54117941688,1178,2939408
MERIT-Basins,1.5,0.25,125892.54117941688,158489.3192461114,493,2939408
MERIT-Basins,1.5,0.25,158489.3192461114,199526.2314968883,202,2939408
MERIT-Basins,1.5,0.25,199526.2314968883,251188.6431509582,68,2939408
MERIT-Basins,1.5,0.25,251188.6431509582,316227.7660168379,32,2939408
MERIT-Basins,1.5,0.25,316227.7660168379,398107.17055349774,7,2939408
MERIT-Basins,1.5,0.25,398107.17055349774,501187.2336272725,1,2939408
MERIT-Basins,1.5,0.25,501187.2336272725,630957.3444801943,0,2939408
MERIT-Basins,1.5,0.25,630957.3444801943,794328.2347242822,0,2939408
MERIT-Basins,1.5,0.25,794328.2347242822,1000000.0,0,2939408
MERIT-Basins,1.5,0.25,1000000.0,1258925.4117941686,0,2939408
MERIT-Basins,1.5,0.25,1258925.4117941686,1584893.1924611141,0,2939408
MERIT-Basins,1.5,0.25,1584893.1924611141,1995262.3149688828,0,2939408
MERIT-Basins,1.5,0.25,1995262.3149688828,2511886.4315095823,0,2939408
MERIT-Basins,1.5,0.25,2511886.4315095823,3162277.6601683795,0,2939408
MERIT-Basins,1.5,0.25,3162277.6601683795,3981071.7055349774,0,2939408
MERIT-Basins,1.5,0.25,3981071.7055349774,5011872.336272725,0,2939408
MERIT-Basins,1.5,0.25,5011872.336272725,6309573.444801942,0,2939408
MERIT-Basins,1.5,0.25,6309573.444801942,7943282.347242822,0,2939408
MERIT-Basins,1.5,0.25,7943282.347242822,10000000.0,0,2939408
MERIT-Basins,1.5,0.4,1.0,1.2589254117941673,0,2939408
MERIT-Basins,1.5,0.4,1.2589254117941673,1.5848931924611136,0,2939408
MERIT-Basins,1.5,0.4,1.5848931924611136,1.9952623149688797,0,2939408
MERIT-Basins,1.5,0.4,1.9952623149688797,2.51188643150958,0,2939408
MERIT-Basins,1.5,0.4,2.51188643150958,3.1622776601683795,0,2939408
MERIT-Basins,1.5,0.4,3.1622776601683795,3.981071705534973,0,2939408
MERIT-Basins,1.5,0.4,3.981071705534973,5.011872336272724,0,2939408
MERIT-Basins,1.5,0.4,5.011872336272724,6.309573444801933,2,2939408
MERIT-Basins,1.5,0.4,6.309573444801933,7.943282347242816,7,2939408
MERIT-Basins,1.5,0.4,7.943282347242816,10.0,23,2939408
MERIT-Basins,1.5,0.4,10.0,12.589254117941675,40,2939408
MERIT-Basins,1.5,0.4,12.589254117941675,15.848931924611142,70,2939408
MERIT-Basins,1.5,0.4,15.848931924611142,19.952623149688797,159,2939408
MERIT-Basins,1.5,0.4,19.952623149688797,25.11886431509581,312,2939408
MERIT-Basins,1.5,0.4,25.11886431509581,31.622776601683793,609,2939408
MERIT-Basins,1.5,0.4,31.622776601683793,39.810717055349734,1202,2939408
MERIT-Basins,1.5,0.4,39.810717055349734,50.11872336272725,5890,2939408
MERIT-Basins,1.5,0.4,50.11872336272725,63.09573444801933,8108,2939408
MERIT-Basins,1.5,0.4,63.09573444801933,79.43282347242817,12457,2939408
MERIT-Basins,1.5,0.4,79.43282347242817,100.0,10806,2939408
MERIT-Basins,1.5,0.4,100.0,125.89254117941675,15069,2939408
MERIT-Basins,1.5,0.4,125.89254117941675,158.48931924611142,18870,2939408
MERIT-Basins,1.5,0.4,158.48931924611142,199.52623149688807,28907,2939408
MERIT-Basins,1.5,0.4,199.52623149688807,251.18864315095823,37312,2939408
MERIT-Basins,1.5,0.4,251.18864315095823,316.22776601683796,52164,2939408
MERIT-Basins,1.5,0.4,316.22776601683796,398.1071705534973,68974,2939408
MERIT-Basins,1.5,0.4,398.1071705534973,501.18723362727246,92148,2939408
MERIT-Basins,1.5,0.4,501.18723362727246,630.9573444801937,121000,2939408
MERIT-Basins,1.5,0.4,630.9573444801937,794.3282347242822,158845,2939408
MERIT-Basins,1.5,0.4,794.3282347242822,1000.0,205542,2939408
MERIT-Basins,1.5,0.4,1000.0,1258.9254117941675,264876,2939408
MERIT-Basins,1.5,0.4,1258.9254117941675,1584.893192461114,336982,2939408
MERIT-Basins,1.5,0.4,1584.893192461114,1995.262314968881,422277,2939408
MERIT-Basins,1.5,0.4,1995.262314968881,2511.886431509582,516568,2939408
MERIT-Basins,1.5,0.4,2511.886431509582,3162.2776601683795,614580,2939408
MERIT-Basins,1.5,0.4,3162.2776601683795,3981.0717055349733,703625,2939408
MERIT-Basins,1.5,0.4,3981.0717055349733,5011.872336272725,767262,2939408
MERIT-Basins,1.5,0.4,5011.872336272725,6309.573444801937,788919,2939408
MERIT-Basins,1.5,0.4,6309.573444801937,7943.282347242822,754852,2939408
MERIT-Basins,1.5,0.4,7943.282347242822,10000.0,663181,2939408
MERIT-Basins,1.5,0.4,10000.0,12589.254117941688,529970,2939408
MERIT-Basins,1.5,0.4,12589.254117941688,15848.93192461114,382893,2939408
MERIT-Basins,1.5,0.4,15848.93192461114,19952.62314968879,247917,2939408
MERIT-Basins,1.5,0.4,19952.62314968879,25118.864315095823,143701,2939408
MERIT-Basins,1.5,0.4,25118.864315095823,31622.776601683792,74693,2939408
MERIT-Basins,1.5,0.4,31622.776601683792,39810.71705534977,35354,2939408
MERIT-Basins,1.5,0.4,39810.71705534977,50118.72336272725,15779,2939408
MERIT-Basins,1.5,0.4,50118.72336272725,63095.73444801943,6667,2939408
MERIT-Basins,1.5,0.4,63095.73444801943,79432.82347242821,2792,2939408
MERIT-Basins,1.5,0.4,79432.82347242821,100000.0,1114,2939408
MERIT-Basins,1.5,0.4,100000.0,125892.54117941688,459,2939408
MERIT-Basins,1.5,0.4,125892.54117941688,158489.3192461114,197,2939408
MERIT-Basins,1.5,0.4,158489.3192461114,199526.2314968883,68,2939408
MERIT-Basins,1.5,0.4,199526.2314968883,251188.6431509582,33,2939408
MERIT-Basins,1.5,0.4,251188.6431509582,316227.7660168379,8,2939408
MERIT-Basins,1.5,0.4,316227.7660168379,398107.17055349774,1,2939408
MERIT-Basins,1.5,0.4,398107.17055349774,501187.2336272725,0,2939408
MERIT-Basins,1.5,0.4,501187.2336272725,630957.3444801943,0,2939408
MERIT-Basins,1.5,0.4,630957.3444801943,794328.2347242822,0,2939408
MERIT-Basins,1.5,0.4,794328.2347242822,1000000.0,0,2939408
MERIT-Basins,1.5,0.4,1000000.0,1258925.4117941686,0,2939408
MERIT-Basins,1.5,0.4,1258925.4117941686,1584893.1924611141,0,2939408
MERIT-Basins,1.5,0.4,1584893.1924611141,1995262.3149688828,0,2939408
MERIT-Basins,1.5,0.4,1995262.3149688828,2511886.4315095823,0,2939408
MERIT-Basins,1.5,0.4,2511886.4315095823,3162277.6601683795,0,2939408
MERIT-Basins,1.5,0.4,3162277.6601683795,3981071.7055349774,0,2939408
MERIT-Basins,1.5,0.4,3981071.7055349774,5011872.336272725,0,2939408
MERIT-Basins,1.5,0.4,5011872.336272725,6309573.444801942,0,2939408
MERIT-Basins,1.5,0.4,6309573.444801942,7943282.347242822,0,2939408
MERIT-Basins,1.5,0.4,7943282.347242822,10000000.0,0,2939408
NHDPlus V2,0.5,0.1,1.0,1.2589254117941673,2067,2667754
NHDPlus V2,0.5,0.1,1.2589254117941673,1.5848931924611136,2067,2667754
NHDPlus V2,0.5,0.1,1.5848931924611136,1.9952623149688797,2931,2667754
NHDPlus V2,0.5,0.1,1.9952623149688797,2.51188643150958,5098,2667754
NHDPlus V2,0.5,0.1,2.51188643150958,3.1622776601683795,6348,2667754
NHDPlus V2,0.5,0.1,3.1622776601683795,3.981071705534973,9076,2667754
NHDPlus V2,0.5,0.1,3.981071705534973,5.011872336272724,12449,2667754
NHDPlus V2,0.5,0.1,5.011872336272724,6.309573444801933,16183,2667754
NHDPlus V2,0.5,0.1,6.309573444801933,7.943282347242816,20220,2667754
NHDPlus V2,0.5,0.1,7.943282347242816,10.0,24548,2667754
NHDPlus V2,0.5,0.1,10.0,12.589254117941675,33397,2667754
NHDPlus V2,0.5,0.1,12.589254117941675,15.848931924611142,45831,2667754
NHDPlus V2,0.5,0.1,15.848931924611142,19.952623149688797,63909,2667754
NHDPlus V2,0.5,0.1,19.952623149688797,25.11886431509581,87745,2667754
NHDPlus V2,0.5,0.1,25.11886431509581,31.622776601683793,115135,2667754
NHDPlus V2,0.5,0.1,31.622776601683793,39.810717055349734,143065,2667754
NHDPlus V2,0.5,0.1,39.810717055349734,50.11872336272725,176198,2667754
NHDPlus V2,0.5,0.1,50.11872336272725,63.09573444801933,219698,2667754
NHDPlus V2,0.5,0.1,63.09573444801933,79.43282347242817,274262,2667754
NHDPlus V2,0.5,0.1,79.43282347242817,100.0,339251,2667754
NHDPlus V2,0.5,0.1,100.0,125.89254117941675,412206,2667754
NHDPlus V2,0.5,0.1,125.89254117941675,158.48931924611142,489078,2667754
NHDPlus V2,0.5,0.1,158.48931924611142,199.52623149688807,564654,2667754
NHDPlus V2,0.5,0.1,199.52623149688807,251.18864315095823,650572,2667754
NHDPlus V2,0.5,0.1,251.18864315095823,316.22776601683796,748315,2667754
NHDPlus V2,0.5,0.1,316.22776601683796,398.1071705534973,861516,2667754
NHDPlus V2,0.5,0.1,398.1071705534973,501.18723362727246,990510,2667754
NHDPlus V2,0.5,0.1,501.18723362727246,630.9573444801937,1149015,2667754
NHDPlus V2,0.5,0.1,630.9573444801937,794.3282347242822,1392666,2667754
NHDPlus V2,0.5,0.1,794.3282347242822,1000.0,1623945,2667754
NHDPlus V2,0.5,0.1,1000.0,1258.9254117941675,1794411,2667754
NHDPlus V2,0.5,0.1,1258.9254117941675,1584.893192461114,1896438,2667754
NHDPlus V2,0.5,0.1,1584.893192461114,1995.262314968881,1932578,2667754
NHDPlus V2,0.5,0.1,1995.262314968881,2511.886431509582,1911338,2667754
NHDPlus V2,0.5,0.1,2511.886431509582,3162.2776601683795,1842791,2667754
NHDPlus V2,0.5,0.1,3162.2776601683795,3981.0717055349733,1734227,2667754
NHDPlus V2,0.5,0.1,3981.0717055349733,5011.872336272725,1594980,2667754
NHDPlus V2,0.5,0.1,5011.872336272725,6309.573444801937,1423396,2667754
NHDPlus V2,0.5,0.1,6309.573444801937,7943.282347242822,1183019,2667754
NHDPlus V2,0.5,0.1,7943.282347242822,10000.0,875028,2667754
NHDPlus V2,0.5,0.1,10000.0,12589.254117941688,600522,2667754
NHDPlus V2,0.5,0.1,12589.254117941688,15848.93192461114,383769,2667754
NHDPlus V2,0.5,0.1,15848.93192461114,19952.62314968879,227037,2667754
NHDPlus V2,0.5,0.1,19952.62314968879,25118.864315095823,124286,2667754
NHDPlus V2,0.5,0.1,25118.864315095823,31622.776601683792,62681,2667754
NHDPlus V2,0.5,0.1,31622.776601683792,39810.71705534977,29237,2667754
NHDPlus V2,0.5,0.1,39810.71705534977,50118.72336272725,12414,2667754
NHDPlus V2,0.5,0.1,50118.72336272725,63095.73444801943,4904,2667754
NHDPlus V2,0.5,0.1,63095.73444801943,79432.82347242821,1811,2667754
NHDPlus V2,0.5,0.1,79432.82347242821,100000.0,672,2667754
NHDPlus V2,0.5,0.1,100000.0,125892.54117941688,224,2667754
NHDPlus V2,0.5,0.1,125892.54117941688,158489.3192461114,70,2667754
NHDPlus V2,0.5,0.1,158489.3192461114,199526.2314968883,26,2667754
NHDPlus V2,0.5,0.1,199526.2314968883,251188.6431509582,9,2667754
NHDPlus V2,0.5,0.1,251188.6431509582,316227.7660168379,2,2667754
NHDPlus V2,0.5,0.1,316227.7660168379,398107.17055349774,1,2667754
NHDPlus V2,0.5,0.1,398107.17055349774,501187.2336272725,0,2667754
NHDPlus V2,0.5,0.1,501187.2336272725,630957.3444801943,0,2667754
NHDPlus V2,0.5,0.1,630957.3444801943,794328.2347242822,0,2667754
NHDPlus V2,0.5,0.1,794328.2347242822,1000000.0,0,2667754
NHDPlus V2,0.5,0.1,1000000.0,1258925.4117941686,0,2667754
NHDPlus V2,0.5,0.1,1258925.4117941686,1584893.1924611141,0,2667754
NHDPlus V2,0.5,0.1,1584893.1924611141,1995262.3149688828,0,2667754
NHDPlus V2,0.5,0.1,1995262.3149688828,2511886.4315095823,0,2667754
NHDPlus V2,0.5,0.1,2511886.4315095823,3162277.6601683795,0,2667754
NHDPlus V2,0.5,0.1,3162277.6601683795,3981071.7055349774,0,2667754
NHDPlus V2,0.5,0.1,3981071.7055349774,5011872.336272725,0,2667754
NHDPlus V2,0.5,0.1,5011872.336272725,6309573.444801942,0,2667754
NHDPlus V2,0.5,0.1,6309573.444801942,7943282.347242822,0,2667754
NHDPlus V2,0.5,0.1,7943282.347242822,10000000.0,0,2667754
NHDPlus V2,0.5,0.25,1.0,1.2589254117941673,644,2667754
NHDPlus V2,0.5,0.25,1.2589254117941673,1.5848931924611136,644,2667754
NHDPlus V2,0.5,0.25,1.5848931924611136,1.9952623149688797,644,2667754
NHDPlus V2,0.5,0.25,1.9952623149688797,2.51188643150958,1302,2667754
NHDPlus V2,0.5,0.25,2.51188643150958,3.1622776601683795,2067,2667754
NHDPlus V2,0.5,0.25,3.1622776601683795,3.981071705534973,1423,2667754
NHDPlus V2,0.5,0.25,3.981071705534973,5.011872336272724,3320,2667754
NHDPlus V2,0.5,0.25,5.011872336272724,6.309573444801933,4454,2667754
NHDPlus V2,0.5,0.25,6.309573444801933,7.943282347242816,5046,2667754
NHDPlus V2,0.5,0.25,7.943282347242816,10.0,7774,2667754
NHDPlus V2,0.5,0.25,10.0,12.589254117941675,11026,2667754
NHDPlus V2,0.5,0.25,12.589254117941675,15.848931924611142,13896,2667754
NHDPlus V2,0.5,0.25,15.848931924611142,19.952623149688797,16900,2667754
NHDPlus V2,0.5,0.25,19.952623149688797,25.11886431509581,21961,2667754
NHDPlus V2,0.5,0.25,25.11886431509581,31.622776601683793,26993,2667754
NHDPlus V2,0.5,0.25,31.622776601683793,39.810717055349734,37547,2667754
NHDPlus V2,0.5,0.25,39.810717055349734,50.11872336272725,54327,2667754
NHDPlus V2,0.5,0.25,50.11872336272725,63.09573444801933,75600,2667754
NHDPlus V2,0.5,0.25,63.09573444801933,79.43282347242817,97381,2667754
NHDPlus V2,0.5,0.25,79.43282347242817,100.0,122553,2667754
NHDPlus V2,0.5,0.25,100.0,125.89254117941675,150339,2667754
NHDPlus V2,0.5,0.25,125.89254117941675,158.48931924611142,183607,2667754
NHDPlus V2,0.5,0.25,158.48931924611142,199.52623149688807,222036,2667754
NHDPlus V2,0.5,0.25,199.52623149688807,251.18864315095823,266723,2667754
NHDPlus V2,0.5,0.25,251.18864315095823,316.22776601683796,317329,2667754
NHDPlus V2,0.5,0.25,316.22776601683796,398.1071705534973,370726,2667754
NHDPlus V2,0.5,0.25,398.1071705534973,501.18723362727246,426837,2667754
NHDPlus V2,0.5,0.25,501.18723362727246,630.9573444801937,483103,2667754
NHDPlus V2,0.5,0.25,630.9573444801937,794.3282347242822,545256,2667754
NHDPlus V2,0.5,0.25,794.3282347242822,1000.0,614604,2667754
NHDPlus V2,0.5,0.25,1000.0,1258.9254117941675,698211,2667754
NHDPlus V2,0.5,0.25,1258.9254117941675,1584.893192461114,811292,2667754
NHDPlus V2,0.5,0.25,1584.893192461114,1995.262314968881,1011452,2667754
NHDPlus V2,0.5,0.25,1995.262314968881,2511.886431509582,1194557,2667754
NHDPlus V2,0.5,0.25,2511.886431509582,3162.2776601683795,1310988,2667754
NHDPlus V2,0.5,0.25,3162.2776601683795,3981.0717055349733,1346922,2667754
NHDPlus V2,0.5,0.25,3981.0717055349733,5011.872336272725,1302156,2667754
NHDPlus V2,0.5,0.25,5011.872336272725,6309.573444801937,1159884,2667754
NHDPlus V2,0.5,0.25,6309.573444801937,7943.282347242822,896273,2667754
NHDPlus V2,0.5,0.25,7943.282347242822,10000.0,635218,2667754
NHDPlus V2,0.5,0.25,10000.0,12589.254117941688,415971,2667754
NHDPlus V2,0.5,0.25,12589.254117941688,15848.93192461114,251900,2667754
NHDPlus V2,0.5,0.25,15848.93192461114,19952.62314968879,140632,2667754
NHDPlus V2,0.5,0.25,19952.62314968879,25118.864315095823,72243,2667754
NHDPlus V2,0.5,0.25,25118.864315095823,31622.776601683792,34334,2667754
NHDPlus V2,0.5,0.25,31622.776601683792,39810.71705534977,14926,2667754
NHDPlus V2,0.5,0.25,39810.71705534977,50118.72336272725,5920,2667754
NHDPlus V2,0.5,0.25,50118.72336272725,63095.73444801943,2219,2667754
NHDPlus V2,0.5,0.25,63095.73444801943,79432.82347242821,821,2667754
NHDPlus V2,0.5,0.25,79432.82347242821,100000.0,277,2667754
NHDPlus V2,0.5,0.25,100000.0,125892.54117941688,83,2667754
NHDPlus V2,0.5,0.25,125892.54117941688,158489.3192461114,31,2667754
NHDPlus V2,0.5,0.25,158489.3192461114,199526.2314968883,14,2667754
NHDPlus V2,0.5,0.25,199526.2314968883,251188.6431509582,3,2667754
NHDPlus V2,0.5,0.25,251188.6431509582,316227.7660168379,1,2667754
NHDPlus V2,0.5,0.25,316227.7660168379,398107.17055349774,0,2667754
NHDPlus V2,0.5,0.25,398107.17055349774,501187.2336272725,0,2667754
NHDPlus V2,0.5,0.25,501187.2336272725,630957.3444801943,0,2667754
NHDPlus V2,0.5,0.25,630957.3444801943,794328.2347242822,0,2667754
NHDPlus V2,0.5,0.25,794328.2347242822,1000000.0,0,2667754
NHDPlus V2,0.5,0.25,1000000.0,1258925.4117941686,0,2667754
NHDPlus V2,0.5,0.25,1258925.4117941686,1584893.1924611141,0,2667754
NHDPlus V2,0.5,0.25,1584893.1924611141,1995262.3149688828,0,2667754
NHDPlus V2,0.5,0.25,1995262.3149688828,2511886.4315095823,0,2667754
NHDPlus V2,0.5,0.25,2511886.4315095823,3162277.6601683795,0,2667754
NHDPlus V2,0.5,0.25,3162277.6601683795,3981071.7055349774,0,2667754
NHDPlus V2,0.5,0.25,3981071.7055349774,5011872.336272725,0,2667754
NHDPlus V2,0.5,0.25,5011872.336272725,6309573.444801942,0,2667754
NHDPlus V2,0.5,0.25,6309573.444801942,7943282.347242822,0,2667754
NHDPlus V2,0.5,0.25,7943282.347242822,10000000.0,0,2667754
NHDPlus V2,0.5,0.4,1.0,1.2589254117941673,0,2667754
NHDPlus V2,0.5,0.4,1.2589254117941673,1.5848931924611136,0,2667754
NHDPlus V2,0.5,0.4,1.5848931924611136,1.9952623149688797,644,2667754
NHDPlus V2,0.5,0.4,1.9952623149688797,2.51188643150958,644,2667754
NHDPlus V2,0.5,0.4,2.51188643150958,3.1622776601683795,0,2667754
NHDPlus V2,0.5,0.4,3.1622776601683795,3.981071705534973,658,2667754
NHDPlus V2,0.5,0.4,3.981071705534973,5.011872336272724,1423,2667754
NHDPlus V2,0.5,0.4,5.011872336272724,6.309573444801933,765,2667754
NHDPlus V2,0.5,0.4,6.309573444801933,7.943282347242816,1629,2667754
NHDPlus V2,0.5,0.4,7.943282347242816,10.0,3031,2667754
NHDPlus V2,0.5,0.4,10.0,12.589254117941675,3417,2667754
NHDPlus V2,0.5,0.4,12.589254117941675,15.848931924611142,5112,2667754
NHDPlus V2,0.5,0.4,15.848931924611142,19.952623149688797,7995,2667754
NHDPlus V2,0.5,0.4,19.952623149688797,25.11886431509581,9121,2667754
NHDPlus V2,0.5,0.4,25.11886431509581,31.622776601683793,10513,2667754
NHDPlus V2,0.5,0.4,31.622776601683793,39.810717055349734,11455,2667754
NHDPlus V2,0.5,0.4,39.810717055349734,50.11872336272725,16728,2667754
NHDPlus V2,0.5,0.4,50.11872336272725,63.09573444801933,25974,2667754
NHDPlus V2,0.5,0.4,63.09573444801933,79.43282347242817,38622,2667754
NHDPlus V2,0.5,0.4,79.43282347242817,100.0,54074,2667754
NHDPlus V2,0.5,0.4,100.0,125.89254117941675,66702,2667754
NHDPlus V2,0.5,0.4,125.89254117941675,158.48931924611142,78249,2667754
NHDPlus V2,0.5,0.4,158.48931924611142,199.52623149688807,87751,2667754
NHDPlus V2,0.5,0.4,199.52623149688807,251.18864315095823,106183,2667754
NHDPlus V2,0.5,0.4,251.18864315095823,316.22776601683796,133605,2667754
NHDPlus V2,0.5,0.4,316.22776601683796,398.1071705534973,165021,2667754
NHDPlus V2,0.5,0.4,398.1071705534973,501.18723362727246,194730,2667754
NHDPlus V2,0.5,0.4,501.18723362727246,630.9573444801937,219087,2667754
NHDPlus V2,0.5,0.4,630.9573444801937,794.3282347242822,240835,2667754
NHDPlus V2,0.5,0.4,794.3282347242822,1000.0,267305,2667754
NHDPlus V2,0.5,0.4,1000.0,1258.9254117941675,301744,2667754
NHDPlus V2,0.5,0.4,1258.9254117941675,1584.893192461114,346221,2667754
NHDPlus V2,0.5,0.4,1584.893192461114,1995.262314968881,399064,2667754
NHDPlus V2,0.5,0.4,1995.262314968881,2511.886431509582,469996,2667754
NHDPlus V2,0.5,0.4,2511.886431509582,3162.2776601683795,619057,2667754
NHDPlus V2,0.5,0.4,3162.2776601683795,3981.0717055349733,746044,2667754
NHDPlus V2,0.5,0.4,3981.0717055349733,5011.872336272725,774441,2667754
NHDPlus V2,0.5,0.4,5011.872336272725,6309.573444801937,652300,2667754
NHDPlus V2,0.5,0.4,6309.573444801937,7943.282347242822,494523,2667754
NHDPlus V2,0.5,0.4,7943.282347242822,10000.0,341967,2667754
NHDPlus V2,0.5,0.4,10000.0,12589.254117941688,216552,2667754
NHDPlus V2,0.5,0.4,12589.254117941688,15848.93192461114,125453,2667754
NHDPlus V2,0.5,0.4,15848.93192461114,19952.62314968879,66475,2667754
NHDPlus V2,0.5,0.4,19952.62314968879,25118.864315095823,32406,2667754
NHDPlus V2,0.5,0.4,25118.864315095823,31622.776601683792,14255,2667754
NHDPlus V2,0.5,0.4,31622.776601683792,39810.71705534977,5751,2667754
NHDPlus V2,0.5,0.4,39810.71705534977,50118.72336272725,2167,2667754
NHDPlus V2,0.5,0.4,50118.72336272725,63095.73444801943,812,2667754
NHDPlus V2,0.5,0.4,63095.73444801943,79432.82347242821,267,2667754
NHDPlus V2,0.5,0.4,79432.82347242821,100000.0,82,2667754
NHDPlus V2,0.5,0.4,100000.0,125892.54117941688,32,2667754
NHDPlus V2,0.5,0.4,125892.54117941688,158489.3192461114,15,2667754
NHDPlus V2,0.5,0.4,158489.3192461114,199526.2314968883,3,2667754
NHDPlus V2,0.5,0.4,199526.2314968883,251188.6431509582,1,2667754
NHDPlus V2,0.5,0.4,251188.6431509582,316227.7660168379,0,2667754
NHDPlus V2,0.5,0.4,316227.7660168379,398107.17055349774,0,2667754
NHDPlus V2,0.5,0.4,398107.17055349774,501187.2336272725,0,2667754
NHDPlus V2,0.5,0.4,501187.2336272725,630957.3444801943,0,2667754
NHDPlus V2,0.5,0.4,630957.3444801943,794328.2347242822,0,2667754
NHDPlus V2,0.5,0.4,794328.2347242822,1000000.0,0,2667754
NHDPlus V2,0.5,0.4,1000000.0,1258925.4117941686,0,2667754
NHDPlus V2,0.5,0.4,1258925.4117941686,1584893.1924611141,0,2667754
NHDPlus V2,0.5,0.4,1584893.1924611141,1995262.3149688828,0,2667754
NHDPlus V2,0.5,0.4,1995262.3149688828,2511886.4315095823,0,2667754
NHDPlus V2,0.5,0.4,2511886.4315095823,3162277.6601683795,0,2667754
NHDPlus V2,0.5,0.4,3162277.6601683795,3981071.7055349774,0,2667754
NHDPlus V2,0.5,0.4,3981071.7055349774,5011872.336272725,0,2667754
NHDPlus V2,0.5,0.4,5011872.336272725,6309573.444801942,0,2667754
NHDPlus V2,0.5,0.4,6309573.444801942,7943282.347242822,0,2667754
NHDPlus V2,0.5,0.4,7943282.347242822,10000000.0,0,2667754
NHDPlus V2,1.0,0.1,1.0,1.2589254117941673,5098,2667754
NHDPlus V2,1.0,0.1,1.2589254117941673,1.5848931924611136,6348,2667754
NHDPlus V2,1.0,0.1,1.5848931924611136,1.9952623149688797,9076,2667754
NHDPlus V2,1.0,0.1,1.9952623149688797,2.51188643150958,12449,2667754
NHDPlus V2,1.0,0.1,2.51188643150958,3.1622776601683795,16183,2667754
NHDPlus V2,1.0,0.1,3.1622776601683795,3.981071705534973,20220,2667754
NHDPlus V2,1.0,0.1,3.981071705534973,5.011872336272724,25757,2667754
NHDPlus V2,1.0,0.1,5.011872336272724,6.309573444801933,33397,2667754
NHDPlus V2,1.0,0.1,6.309573444801933,7.943282347242816,45831,2667754
NHDPlus V2,1.0,0.1,7.943282347242816,10.0,63909,2667754
NHDPlus V2,1.0,0.1,10.0,12.589254117941675,87745,2667754
NHDPlus V2,1.0,0.1,12.589254117941675,15.848931924611142,115135,2667754
NHDPlus V2,1.0,0.1,15.848931924611142,19.952623149688797,143065,2667754
NHDPlus V2,1.0,0.1,19.952623149688797,25.11886431509581,176198,2667754
NHDPlus V2,1.0,0.1,25.11886431509581,31.622776601683793,221123,2667754
NHDPlus V2,1.0,0.1,31.622776601683793,39.810717055349734,275663,2667754
NHDPlus V2,1.0,0.1,39.810717055349734,50.11872336272725,340583,2667754
NHDPlus V2,1.0,0.1,50.11872336272725,63.09573444801933,413396,2667754
NHDPlus V2,1.0,0.1,63.09573444801933,79.43282347242817,488406,2667754
NHDPlus V2,1.0,0.1,79.43282347242817,100.0,565532,2667754
NHDPlus V2,1.0,0.1,100.0,125.89254117941675,652171,2667754
NHDPlus V2,1.0,0.1,125.89254117941675,158.48931924611142,749775,2667754
NHDPlus V2,1.0,0.1,158.48931924611142,199.52623149688807,861356,2667754
NHDPlus V2,1.0,0.1,199.52623149688807,251.18864315095823,992337,2667754
NHDPlus V2,1.0,0.1,251.18864315095823,316.22776601683796,1151645,2667754
NHDPlus V2,1.0,0.1,316.22776601683796,398.1071705534973,1396117,2667754
NHDPlus V2,1.0,0.1,398.1071705534973,501.18723362727246,1625401,2667754
NHDPlus V2,1.0,0.1,501.18723362727246,630.9573444801937,1795293,2667754
NHDPlus V2,1.0,0.1,630.9573444801937,794.3282347242822,1896895,2667754
NHDPlus V2,1.0,0.1,794.3282347242822,1000.0,1932582,2667754
NHDPlus V2,1.0,0.1,1000.0,1258.9254117941675,1911134,2667754
NHDPlus V2,1.0,0.1,1258.9254117941675,1584.893192461114,1841566,2667754
NHDPlus V2,1.0,0.1,1584.893192461114,1995.262314968881,1733008,2667754
NHDPlus V2,1.0,0.1,1995.262314968881,2511.886431509582,1593217,2667754
NHDPlus V2,1.0,0.1,2511.886431509582,3162.2776601683795,1421630,2667754
NHDPlus V2,1.0,0.1,3162.2776601683795,3981.0717055349733,1179973,2667754
NHDPlus V2,1.0,0.1,3981.0717055349733,5011.872336272725,872100,2667754
NHDPlus V2,1.0,0.1,5011.872336272725,6309.573444801937,597883,2667754
NHDPlus V2,1.0,0.1,6309.573444801937,7943.282347242822,381953,2667754
NHDPlus V2,1.0,0.1,7943.282347242822,10000.0,225746,2667754
NHDPlus V2,1.0,0.1,10000.0,12589.254117941688,123496,2667754
NHDPlus V2,1.0,0.1,12589.254117941688,15848.93192461114,62201,2667754
NHDPlus V2,1.0,0.1,15848.93192461114,19952.62314968879,29005,2667754
NHDPlus V2,1.0,0.1,19952.62314968879,25118.864315095823,12279,2667754
NHDPlus V2,1.0,0.1,25118.864315095823,31622.776601683792,4855,2667754
NHDPlus V2,1.0,0.1,31622.776601683792,39810.71705534977,1789,2667754
NHDPlus V2,1.0,0.1,39810.71705534977,50118.72336272725,660,2667754
NHDPlus V2,1.0,0.1,50118.72336272725,63095.73444801943,222,2667754
NHDPlus V2,1.0,0.1,63095.73444801943,79432.82347242821,69,2667754
NHDPlus V2,1.0,0.1,79432.82347242821,100000.0,26,2667754
NHDPlus V2,1.0,0.1,100000.0,125892.54117941688,9,2667754
NHDPlus V2,1.0,0.1,125892.54117941688,158489.3192461114,2,2667754
NHDPlus V2,1.0,0.1,158489.3192461114,199526.2314968883,1,2667754
NHDPlus V2,1.0,0.1,199526.2314968883,251188.6431509582,0,2667754
NHDPlus V2,1.0,0.1,251188.6431509582,316227.7660168379,0,2667754
NHDPlus V2,1.0,0.1,316227.7660168379,398107.17055349774,0,2667754
NHDPlus V2,1.0,0.1,398107.17055349774,501187.2336272725,0,2667754
NHDPlus V2,1.0,0.1,501187.2336272725,630957.3444801943,0,2667754
NHDPlus V2,1.0,0.1,630957.3444801943,794328.2347242822,0,2667754
NHDPlus V2,1.0,0.1,794328.2347242822,1000000.0,0,2667754
NHDPlus V2,1.0,0.1,1000000.0,1258925.4117941686,0,2667754
NHDPlus V2,1.0,0.1,1258925.4117941686,1584893.1924611141,0,2667754
NHDPlus V2,1.0,0.1,1584893.1924611141,1995262.3149688828,0,2667754
NHDPlus V2,1.0,0.1,1995262.3149688828,2511886.4315095823,0,2667754
NHDPlus V2,1.0,0.1,2511886.4315095823,3162277.6601683795,0,2667754
NHDPlus V2,1.0,0.1,3162277.6601683795,3981071.7055349774,0,2667754
NHDPlus V2,1.0,0.1,3981071.7055349774,5011872.336272725,0,2667754
NHDPlus V2,1.0,0.1,5011872.336272725,6309573.444801942,0,2667754
NHDPlus V2,1.0,0.1,6309573.444801942,7943282.347242822,0,2667754
NHDPlus V2,1.0,0.1,7943282.347242822,10000000.0,0,2667754
NHDPlus V2,1.0,0.25,1.0,1.2589254117941673,1302,2667754
NHDPlus V2,1.0,0.25,1.2589254117941673,1.5848931924611136,2067,2667754
NHDPlus V2,1.0,0.25,1.5848931924611136,1.9952623149688797,1423,2667754
NHDPlus V2,1.0,0.25,1.9952623149688797,2.51188643150958,3320,2667754
NHDPlus V2,1.0,0.25,2.51188643150958,3.1622776601683795,4454,2667754
NHDPlus V2,1.0,0.25,3.1622776601683795,3.981071705534973,5046,2667754
NHDPlus V2,1.0,0.25,3.981071705534973,5.011872336272724,9049,2667754
NHDPlus V2,1.0,0.25,5.011872336272724,6.309573444801933,11026,2667754
NHDPlus V2,1.0,0.25,6.309573444801933,7.943282347242816,13896,2667754
NHDPlus V2,1.0,0.25,7.943282347242816,10.0,16900,2667754
NHDPlus V2,1.0,0.25,10.0,12.589254117941675,21961,2667754
NHDPlus V2,1.0,0.25,12.589254117941675,15.848931924611142,26993,2667754
NHDPlus V2,1.0,0.25,15.848931924611142,19.952623149688797,37547,2667754
NHDPlus V2,1.0,0.25,19.952623149688797,25.11886431509581,54327,2667754
NHDPlus V2,1.0,0.25,25.11886431509581,31.622776601683793,75600,2667754
NHDPlus V2,1.0,0.25,31.622776601683793,39.810717055349734,97381,2667754
NHDPlus V2,1.0,0.25,39.810717055349734,50.11872336272725,123936,2667754
NHDPlus V2,1.0,0.25,50.11872336272725,63.09573444801933,151788,2667754
NHDPlus V2,1.0,0.25,63.09573444801933,79.43282347242817,181826,2667754
NHDPlus V2,1.0,0.25,79.43282347242817,100.0,222036,2667754
NHDPlus V2,1.0,0.25,100.0,125.89254117941675,266723,2667754
NHDPlus V2,1.0,0.25,125.89254117941675,158.48931924611142,317329,2667754
NHDPlus V2,1.0,0.25,158.48931924611142,199.52623149688807,371666,2667754
NHDPlus V2,1.0,0.25,199.52623149688807,251.18864315095823,426314,2667754
NHDPlus V2,1.0,0.25,251.18864315095823,316.22776601683796,484690,2667754
NHDPlus V2,1.0,0.25,316.22776601683796,398.1071705534973,546725,2667754
NHDPlus V2,1.0,0.25,398.1071705534973,501.18723362727246,615384,2667754
NHDPlus V2,1.0,0.25,501.18723362727246,630.9573444801937,698920,2667754
NHDPlus V2,1.0,0.25,630.9573444801937,794.3282347242822,812929,2667754
NHDPlus V2,1.0,0.25,794.3282347242822,1000.0,1013421,2667754
NHDPlus V2,1.0,0.25,1000.0,1258.9254117941675,1196633,2667754
NHDPlus V2,1.0,0.25,1258.9254117941675,1584.893192461114,1311503,2667754
NHDPlus V2,1.0,0.25,1584.893192461114,1995.262314968881,1347064,2667754
NHDPlus V2,1.0,0.25,1995.262314968881,2511.886431509582,1301385,2667754
NHDPlus V2,1.0,0.25,2511.886431509582,3162.2776601683795,1157521,2667754
NHDPlus V2,1.0,0.25,3162.2776601683795,3981.0717055349733,893566,2667754
NHDPlus V2,1.0,0.25,3981.0717055349733,5011.872336272725,632442,2667754
NHDPlus V2,1.0,0.25,5011.872336272725,6309.573444801937,414059,2667754
NHDPlus V2,1.0,0.25,6309.573444801937,7943.282347242822,250548,2667754
NHDPlus V2,1.0,0.25,7943.282347242822,10000.0,139679,2667754
NHDPlus V2,1.0,0.25,10000.0,12589.254117941688,71767,2667754
NHDPlus V2,1.0,0.25,12589.254117941688,15848.93192461114,34069,2667754
NHDPlus V2,1.0,0.25,15848.93192461114,19952.62314968879,14804,2667754
NHDPlus V2,1.0,0.25,19952.62314968879,25118.864315095823,5864,2667754
NHDPlus V2,1.0,0.25,25118.864315095823,31622.776601683792,2194,2667754
NHDPlus V2,1.0,0.25,31622.776601683792,39810.71705534977,812,2667754
NHDPlus V2,1.0,0.25,39810.71705534977,50118.72336272725,274,2667754
NHDPlus V2,1.0,0.25,50118.72336272725,63095.73444801943,82,2667754
NHDPlus V2,1.0,0.25,63095.73444801943,79432.82347242821,31,2667754
NHDPlus V2,1.0,0.25,79432.82347242821,100000.0,14,2667754
NHDPlus V2,1.0,0.25,100000.0,125892.54117941688,3,2667754
NHDPlus V2,1.0,0.25,125892.54117941688,158489.3192461114,1,2667754
NHDPlus V2,1.0,0.25,158489.3192461114,199526.2314968883,0,2667754
NHDPlus V2,1.0,0.25,199526.2314968883,251188.6431509582,0,2667754
NHDPlus V2,1.0,0.25,251188.6431509582,316227.7660168379,0,2667754
NHDPlus V2,1.0,0.25,316227.7660168379,398107.17055349774,0,2667754
NHDPlus V2,1.0,0.25,398107.17055349774,501187.2336272725,0,2667754
NHDPlus V2,1.0,0.25,501187.2336272725,630957.3444801943,0,2667754
NHDPlus V2,1.0,0.25,630957.3444801943,794328.2347242822,0,2667754
NHDPlus V2,1.0,0.25,794328.2347242822,1000000.0,0,2667754
NHDPlus V2,1.0,0.25,1000000.0,1258925.4117941686,0,2667754
NHDPlus V2,1.0,0.25,1258925.4117941686,1584893.1924611141,0,2667754
NHDPlus V2,1.0,0.25,1584893.1924611141,1995262.3149688828,0,2667754
NHDPlus V2,1.0,0.25,1995262.3149688828,2511886.4315095823,0,2667754
NHDPlus V2,1.0,0.25,2511886.4315095823,3162277.6601683795,0,2667754
NHDPlus V2,1.0,0.25,3162277.6601683795,3981071.7055349774,0,2667754
NHDPlus V2,1.0,0.25,3981071.7055349774,5011872.336272725,0,2667754
NHDPlus V2,1.0,0.25,5011872.336272725,6309573.444801942,0,2667754
NHDPlus V2,1.0,0.25,6309573.444801942,7943282.347242822,0,2667754
NHDPlus V2,1.0,0.25,7943282.347242822,10000000.0,0,2667754
NHDPlus V2,1.0,0.4,1.0,1.2589254117941673,644,2667754
NHDPlus V2,1.0,0.4,1.2589254117941673,1.5848931924611136,0,2667754
NHDPlus V2,1.0,0.4,1.5848931924611136,1.9952623149688797,658,2667754
NHDPlus V2,1.0,0.4,1.9952623149688797,2.51188643150958,1423,2667754
NHDPlus V2,1.0,0.4,2.51188643150958,3.1622776601683795,765,2667754
NHDPlus V2,1.0,0.4,3.1622776601683795,3.981071705534973,1629,2667754
NHDPlus V2,1.0,0.4,3.981071705534973,5.011872336272724,3031,2667754
NHDPlus V2,1.0,0.4,5.011872336272724,6.309573444801933,3417,2667754
NHDPlus V2,1.0,0.4,6.309573444801933,7.943282347242816,5112,2667754
NHDPlus V2,1.0,0.4,7.943282347242816,10.0,7995,2667754
NHDPlus V2,1.0,0.4,10.0,12.589254117941675,9121,2667754
NHDPlus V2,1.0,0.4,12.589254117941675,15.848931924611142,10513,2667754
NHDPlus V2,1.0,0.4,15.848931924611142,19.952623149688797,11455,2667754
NHDPlus V2,1.0,0.4,19.952623149688797,25.11886431509581,16728,2667754
NHDPlus V2,1.0,0.4,25.11886431509581,31.622776601683793,25974,2667754
NHDPlus V2,1.0,0.4,31.622776601683793,39.810717055349734,38622,2667754
NHDPlus V2,1.0,0.4,39.810717055349734,50.11872336272725,54074,2667754
NHDPlus V2,1.0,0.4,50.11872336272725,63.09573444801933,66702,2667754
NHDPlus V2,1.0,0.4,63.09573444801933,79.43282347242817,78249,2667754
NHDPlus V2,1.0,0.4,79.43282347242817,100.0,87751,2667754
NHDPlus V2,1.0,0.4,100.0,125.89254117941675,107672,2667754
NHDPlus V2,1.0,0.4,125.89254117941675,158.48931924611142,135102,2667754
NHDPlus V2,1.0,0.4,158.48931924611142,199.52623149688807,164890,2667754
NHDPlus V2,1.0,0.4,199.52623149688807,251.18864315095823,193277,2667754
NHDPlus V2,1.0,0.4,251.18864315095823,316.22776601683796,218692,2667754
NHDPlus V2,1.0,0.4,316.22776601683796,398.1071705534973,240485,2667754
NHDPlus V2,1.0,0.4,398.1071705534973,501.18723362727246,267802,2667754
NHDPlus V2,1.0,0.4,501.18723362727246,630.9573444801937,302276,2667754
NHDPlus V2,1.0,0.4,630.9573444801937,794.3282347242822,346636,2667754
NHDPlus V2,1.0,0.4,794.3282347242822,1000.0,399599,2667754
NHDPlus V2,1.0,0.4,1000.0,1258.9254117941675,471260,2667754
NHDPlus V2,1.0,0.4,1258.9254117941675,1584.893192461114,620634,2667754
NHDPlus V2,1.0,0.4,1584.893192461114,1995.262314968881,747034,2667754
NHDPlus V2,1.0,0.4,1995.262314968881,2511.886431509582,773670,2667754
NHDPlus V2,1.0,0.4,2511.886431509582,3162.2776601683795,650583,2667754
NHDPlus V2,1.0,0.4,3162.2776601683795,3981.0717055349733,492576,2667754
NHDPlus V2,1.0,0.4,3981.0717055349733,5011.872336272725,340434,2667754
NHDPlus V2,1.0,0.4,5011.872336272725,6309.573444801937,215375,2667754
NHDPlus V2,1.0,0.4,6309.573444801937,7943.282347242822,124710,2667754
NHDPlus V2,1.0,0.4,7943.282347242822,10000.0,65973,2667754
NHDPlus V2,1.0,0.4,10000.0,12589.254117941688,32157,2667754
NHDPlus V2,1.0,0.4,12589.254117941688,15848.93192461114,14136,2667754
NHDPlus V2,1.0,0.4,15848.93192461114,19952.62314968879,5692,2667754
NHDPlus V2,1.0,0.4,19952.62314968879,25118.864315095823,2148,2667754
NHDPlus V2,1.0,0.4,25118.864315095823,31622.776601683792,801,2667754
NHDPlus V2,1.0,0.4,31622.776601683792,39810.71705534977,265,2667754
NHDPlus V2,1.0,0.4,39810.71705534977,50118.72336272725,81,2667754
NHDPlus V2,1.0,0.4,50118.72336272725,63095.73444801943,30,2667754
NHDPlus V2,1.0,0.4,63095.73444801943,79432.82347242821,15,2667754
NHDPlus V2,1.0,0.4,79432.82347242821,100000.0,3,2667754
NHDPlus V2,1.0,0.4,100000.0,125892.54117941688,1,2667754
NHDPlus V2,1.0,0.4,125892.54117941688,158489.3192461114,0,2667754
NHDPlus V2,1.0,0.4,158489.3192461114,199526.2314968883,0,2667754
NHDPlus V2,1.0,0.4,199526.2314968883,251188.6431509582,0,2667754
NHDPlus V2,1.0,0.4,251188.6431509582,316227.7660168379,0,2667754
NHDPlus V2,1.0,0.4,316227.7660168379,398107.17055349774,0,2667754
NHDPlus V2,1.0,0.4,398107.17055349774,501187.2336272725,0,2667754
NHDPlus V2,1.0,0.4,501187.2336272725,630957.3444801943,0,2667754
NHDPlus V2,1.0,0.4,630957.3444801943,794328.2347242822,0,2667754
NHDPlus V2,1.0,0.4,794328.2347242822,1000000.0,0,2667754
NHDPlus V2,1.0,0.4,1000000.0,1258925.4117941686,0,2667754
NHDPlus V2,1.0,0.4,1258925.4117941686,1584893.1924611141,0,2667754
NHDPlus V2,1.0,0.4,1584893.1924611141,1995262.3149688828,0,2667754
NHDPlus V2,1.0,0.4,1995262.3149688828,2511886.4315095823,0,2667754
NHDPlus V2,1.0,0.4,2511886.4315095823,3162277.6601683795,0,2667754
NHDPlus V2,1.0,0.4,3162277.6601683795,3981071.7055349774,0,2667754
NHDPlus V2,1.0,0.4,3981071.7055349774,5011872.336272725,0,2667754
NHDPlus V2,1.0,0.4,5011872.336272725,6309573.444801942,0,2667754
NHDPlus V2,1.0,0.4,6309573.444801942,7943282.347242822,0,2667754
NHDPlus V2,1.0,0.4,7943282.347242822,10000000.0,0,2667754
NHDPlus V2,1.5,0.1,1.0,1.2589254117941673,9076,2667754
NHDPlus V2,1.5,0.1,1.2589254117941673,1.5848931924611136,11132,2667754
NHDPlus V2,1.5,0.1,1.5848931924611136,1.9952623149688797,14908,2667754
NHDPlus V2,1.5,0.1,1.9952623149688797,2.51188643150958,19394,2667754
NHDPlus V2,1.5,0.1,2.51188643150958,3.1622776601683795,23633,2667754
NHDPlus V2,1.5,0.1,3.1622776601683795,3.981071705534973,30483,2667754
NHDPlus V2,1.5,0.1,3.981071705534973,5.011872336272724,42177,2667754
NHDPlus V2,1.5,0.1,5.011872336272724,6.309573444801933,60200,2667754
NHDPlus V2,1.5,0.1,6.309573444801933,7.943282347242816,82527,2667754
NHDPlus V2,1.5,0.1,7.943282347242816,10.0,107033,2667754
NHDPlus V2,1.5,0.1,10.0,12.589254117941675,135428,2667754
NHDPlus V2,1.5,0.1,12.589254117941675,15.848931924611142,167708,2667754
NHDPlus V2,1.5,0.1,15.848931924611142,19.952623149688797,207992,2667754
NHDPlus V2,1.5,0.1,19.952623149688797,25.11886431509581,260721,2667754
NHDPlus V2,1.5,0.1,25.11886431509581,31.622776601683793,325104,2667754
NHDPlus V2,1.5,0.1,31.622776601683793,39.810717055349734,394940,2667754
NHDPlus V2,1.5,0.1,39.810717055349734,50.11872336272725,469350,2667754
NHDPlus V2,1.5,0.1,50.11872336272725,63.09573444801933,548323,2667754
NHDPlus V2,1.5,0.1,63.09573444801933,79.43282347242817,631133,2667754
NHDPlus V2,1.5,0.1,79.43282347242817,100.0,723347,2667754
NHDPlus V2,1.5,0.1,100.0,125.89254117941675,833637,2667754
NHDPlus V2,1.5,0.1,125.89254117941675,158.48931924611142,959748,2667754
NHDPlus V2,1.5,0.1,158.48931924611142,199.52623149688807,1106838,2667754
NHDPlus V2,1.5,0.1,199.52623149688807,251.18864315095823,1334030,2667754
NHDPlus V2,1.5,0.1,251.18864315095823,316.22776601683796,1575677,2667754
NHDPlus V2,1.5,0.1,316.22776601683796,398.1071705534973,1760417,2667754
NHDPlus V2,1.5,0.1,398.1071705534973,501.18723362727246,1878849,2667754
NHDPlus V2,1.5,0.1,501.18723362727246,630.9573444801937,1929855,2667754
NHDPlus V2,1.5,0.1,630.9573444801937,794.3282347242822,1921090,2667754
NHDPlus V2,1.5,0.1,794.3282347242822,1000.0,1862239,2667754
NHDPlus V2,1.5,0.1,1000.0,1258.9254117941675,1761952,2667754
NHDPlus V2,1.5,0.1,1258.9254117941675,1584.893192461114,1629103,2667754
NHDPlus V2,1.5,0.1,1584.893192461114,1995.262314968881,1465794,2667754
NHDPlus V2,1.5,0.1,1995.262314968881,2511.886431509582,1249716,2667754
NHDPlus V2,1.5,0.1,2511.886431509582,3162.2776601683795,943225,2667754
NHDPlus V2,1.5,0.1,3162.2776601683795,3981.0717055349733,658501,2667754
NHDPlus V2,1.5,0.1,3981.0717055349733,5011.872336272725,427503,2667754
NHDPlus V2,1.5,0.1,5011.872336272725,6309.573444801937,257616,2667754
NHDPlus V2,1.5,0.1,6309.573444801937,7943.282347242822,143472,2667754
NHDPlus V2,1.5,0.1,7943.282347242822,10000.0,73624,2667754
NHDPlus V2,1.5,0.1,10000.0,12589.254117941688,35040,2667754
NHDPlus V2,1.5,0.1,12589.254117941688,15848.93192461114,15215,2667754
NHDPlus V2,1.5,0.1,15848.93192461114,19952.62314968879,6069,2667754
NHDPlus V2,1.5,0.1,19952.62314968879,25118.864315095823,2269,2667754
NHDPlus V2,1.5,0.1,25118.864315095823,31622.776601683792,844,2667754
NHDPlus V2,1.5,0.1,31622.776601683792,39810.71705534977,282,2667754
NHDPlus V2,1.5,0.1,39810.71705534977,50118.72336272725,85,2667754
NHDPlus V2,1.5,0.1,50118.72336272725,63095.73444801943,31,2667754
NHDPlus V2,1.5,0.1,63095.73444801943,79432.82347242821,15,2667754
NHDPlus V2,1.5,0.1,79432.82347242821,100000.0,3,2667754
NHDPlus V2,1.5,0.1,100000.0,125892.54117941688,1,2667754
NHDPlus V2,1.5,0.1,125892.54117941688,158489.3192461114,0,2667754
NHDPlus V2,1.5,0.1,158489.3192461114,199526.2314968883,0,2667754
NHDPlus V2,1.5,0.1,199526.2314968883,251188.6431509582,0,2667754
NHDPlus V2,1.5,0.1,251188.6431509582,316227.7660168379,0,2667754
NHDPlus V2,1.5,0.1,316227.7660168379,398107.17055349774,0,2667754
NHDPlus V2,1.5,0.1,398107.17055349774,501187.2336272725,0,2667754
NHDPlus V2,1.5,0.1,501187.2336272725,630957.3444801943,0,2667754
NHDPlus V2,1.5,0.1,630957.3444801943,794328.2347242822,0,2667754
NHDPlus V2,1.5,0.1,794328.2347242822,1000000.0,0,2667754
NHDPlus V2,1.5,0.1,1000000.0,1258925.4117941686,0,2667754
NHDPlus V2,1.5,0.1,1258925.4117941686,1584893.1924611141,0,2667754
NHDPlus V2,1.5,0.1,1584893.1924611141,1995262.3149688828,0,2667754
NHDPlus V2,1.5,0.1,1995262.3149688828,2511886.4315095823,0,2667754
NHDPlus V2,1.5,0.1,2511886.4315095823,3162277.6601683795,0,2667754
NHDPlus V2,1.5,0.1,3162277.6601683795,3981071.7055349774,0,2667754
NHDPlus V2,1.5,0.1,3981071.7055349774,5011872.336272725,0,2667754
NHDPlus V2,1.5,0.1,5011872.336272725,6309573.444801942,0,2667754
NHDPlus V2,1.5,0.1,6309573.444801942,7943282.347242822,0,2667754
NHDPlus V2,1.5,0.1,7943282.347242822,10000000.0,0,2667754
NHDPlus V2,1.5,0.25,1.0,1.2589254117941673,2067,2667754
NHDPlus V2,1.5,0.25,1.2589254117941673,1.5848931924611136,2287,2667754
NHDPlus V2,1.5,0.25,1.5848931924611136,1.9952623149688797,3320,2667754
NHDPlus V2,1.5,0.25,1.9952623149688797,2.51188643150958,5704,2667754
NHDPlus V2,1.5,0.25,2.51188643150958,3.1622776601683795,7774,2667754
NHDPlus V2,1.5,0.25,3.1622776601683795,3.981071705534973,9709,2667754
NHDPlus V2,1.5,0.25,3.981071705534973,5.011872336272724,14760,2667754
NHDPlus V2,1.5,0.25,5.011872336272724,6.309573444801933,16074,2667754
NHDPlus V2,1.5,0.25,6.309573444801933,7.943282347242816,19837,2667754
NHDPlus V2,1.5,0.25,7.943282347242816,10.0,25437,2667754
NHDPlus V2,1.5,0.25,10.0,12.589254117941675,35168,2667754
NHDPlus V2,1.5,0.25,12.589254117941675,15.848931924611142,50038,2667754
NHDPlus V2,1.5,0.25,15.848931924611142,19.952623149688797,69664,2667754
NHDPlus V2,1.5,0.25,19.952623149688797,25.11886431509581,92804,2667754
NHDPlus V2,1.5,0.25,25.11886431509581,31.622776601683793,116075,2667754
NHDPlus V2,1.5,0.25,31.622776601683793,39.810717055349734,144879,2667754
NHDPlus V2,1.5,0.25,39.810717055349734,50.11872336272725,175971,2667754
NHDPlus V2,1.5,0.25,50.11872336272725,63.09573444801933,211417,2667754
NHDPlus V2,1.5,0.25,63.09573444801933,79.43282347242817,254861,2667754
NHDPlus V2,1.5,0.25,79.43282347242817,100.0,304064,2667754
NHDPlus V2,1.5,0.25,100.0,125.89254117941675,358300,2667754
NHDPlus V2,1.5,0.25,125.89254117941675,158.48931924611142,414085,2667754
NHDPlus V2,1.5,0.25,158.48931924611142,199.52623149688807,470622,2667754
NHDPlus V2,1.5,0.25,199.52623149688807,251.18864315095823,530565,2667754
NHDPlus V2,1.5,0.25,251.18864315095823,316.22776601683796,597235,2667754
NHDPlus V2,1.5,0.25,316.22776601683796,398.1071705534973,677721,2667754
NHDPlus V2,1.5,0.25,398.1071705534973,501.18723362727246,779079,2667754
NHDPlus V2,1.5,0.25,501.18723362727246,630.9573444801937,962763,2667754
NHDPlus V2,1.5,0.25,630.9573444801937,794.3282347242822,1158462,2667754
NHDPlus V2,1.5,0.25,794.3282347242822,1000.0,1290987,2667754
NHDPlus V2,1.5,0.25,1000.0,1258.9254117941675,1346018,2667754
NHDPlus V2,1.5,0.25,1258.9254117941675,1584.893192461114,1319615,2667754
NHDPlus V2,1.5,0.25,1584.893192461114,1995.262314968881,1206356,2667754
NHDPlus V2,1.5,0.25,1995.262314968881,2511.886431509582,959263,2667754
NHDPlus V2,1.5,0.25,2511.886431509582,3162.2776601683795,692149,2667754
NHDPlus V2,1.5,0.25,3162.2776601683795,3981.0717055349733,461440,2667754
NHDPlus V2,1.5,0.25,3981.0717055349733,5011.872336272725,284799,2667754
NHDPlus V2,1.5,0.25,5011.872336272725,6309.573444801937,161744,2667754
NHDPlus V2,1.5,0.25,6309.573444801937,7943.282347242822,84789,2667754
NHDPlus V2,1.5,0.25,7943.282347242822,10000.0,41061,2667754
NHDPlus V2,1.5,0.25,10000.0,12589.254117941688,18217,2667754
NHDPlus V2,1.5,0.25,12589.254117941688,15848.93192461114,7401,2667754
NHDPlus V2,1.5,0.25,15848.93192461114,19952.62314968879,2789,2667754
NHDPlus V2,1.5,0.25,19952.62314968879,25118.864315095823,1037,2667754
NHDPlus V2,1.5,0.25,25118.864315095823,31622.776601683792,365,2667754
NHDPlus V2,1.5,0.25,31622.776601683792,39810.71705534977,115,2667754
NHDPlus V2,1.5,0.25,39810.71705534977,50118.72336272725,43,2667754
NHDPlus V2,1.5,0.25,50118.72336272725,63095.73444801943,17,2667754
NHDPlus V2,1.5,0.25,63095.73444801943,79432.82347242821,4,2667754
NHDPlus V2,1.5,0.25,79432.82347242821,100000.0,1,2667754
NHDPlus V2,1.5,0.25,100000.0,125892.54117941688,0,2667754
NHDPlus V2,1.5,0.25,125892.54117941688,158489.3192461114,0,2667754
NHDPlus V2,1.5,0.25,158489.3192461114,199526.2314968883,0,2667754
NHDPlus V2,1.5,0.25,199526.2314968883,251188.6431509582,0,2667754
NHDPlus V2,1.5,0.25,251188.6431509582,316227.7660168379,0,2667754
NHDPlus V2,1.5,0.25,316227.7660168379,398107.17055349774,0,2667754
NHDPlus V2,1.5,0.25,398107.17055349774,501187.2336272725,0,2667754
NHDPlus V2,1.5,0.25,501187.2336272725,630957.3444801943,0,2667754
NHDPlus V2,1.5,0.25,630957.3444801943,794328.2347242822,0,2667754
NHDPlus V2,1.5,0.25,794328.2347242822,1000000.0,0,2667754
NHDPlus V2,1.5,0.25,1000000.0,1258925.4117941686,0,2667754
NHDPlus V2,1.5,0.25,1258925.4117941686,1584893.1924611141,0,2667754
NHDPlus V2,1.5,0.25,1584893.1924611141,1995262.3149688828,0,2667754
NHDPlus V2,1.5,0.25,1995262.3149688828,2511886.4315095823,0,2667754
NHDPlus V2,1.5,0.25,2511886.4315095823,3162277.6601683795,0,2667754
NHDPlus V2,1.5,0.25,3162277.6601683795,3981071.7055349774,0,2667754
NHDPlus V2,1.5,0.25,3981071.7055349774,5011872.336272725,0,2667754
NHDPlus V2,1.5,0.25,5011872.336272725,6309573.444801942,0,2667754
NHDPlus V2,1.5,0.25,6309573.444801942,7943282.347242822,0,2667754
NHDPlus V2,1.5,0.25,7943282.347242822,10000000.0,0,2667754
NHDPlus V2,1.5,0.4,1.0,1.2589254117941673,658,2667754
NHDPlus V2,1.5,0.4,1.2589254117941673,1.5848931924611136,658,2667754
NHDPlus V2,1.5,0.4,1.5848931924611136,1.9952623149688797,1423,2667754
NHDPlus V2,1.5,0.4,1.9952623149688797,2.51188643150958,1629,2667754
NHDPlus V2,1.5,0.4,2.51188643150958,3.1622776601683795,1897,2667754
NHDPlus V2,1.5,0.4,3.1622776601683795,3.981071705534973,4281,2667754
NHDPlus V2,1.5,0.4,3.981071705534973,5.011872336272724,6145,2667754
NHDPlus V2,1.5,0.4,5.011872336272724,6.309573444801933,6678,2667754
NHDPlus V2,1.5,0.4,6.309573444801933,7.943282347242816,9204,2667754
NHDPlus V2,1.5,0.4,7.943282347242816,10.0,10962,2667754
NHDPlus V2,1.5,0.4,10.0,12.589254117941675,11842,2667754
NHDPlus V2,1.5,0.4,12.589254117941675,15.848931924611142,14958,2667754
NHDPlus V2,1.5,0.4,15.848931924611142,19.952623149688797,23380,2667754
NHDPlus V2,1.5,0.4,19.952623149688797,25.11886431509581,37281,2667754
NHDPlus V2,1.5,0.4,25.11886431509581,31.622776601683793,51792,2667754
NHDPlus V2,1.5,0.4,31.622776601683793,39.810717055349734,64233,2667754
NHDPlus V2,1.5,0.4,39.810717055349734,50.11872336272725,74819,2667754
NHDPlus V2,1.5,0.4,50.11872336272725,63.09573444801933,86350,2667754
NHDPlus V2,1.5,0.4,63.09573444801933,79.43282347242817,102338,2667754
NHDPlus V2,1.5,0.4,79.43282347242817,100.0,126560,2667754
NHDPlus V2,1.5,0.4,100.0,125.89254117941675,157715,2667754
NHDPlus V2,1.5,0.4,125.89254117941675,158.48931924611142,187942,2667754
NHDPlus V2,1.5,0.4,158.48931924611142,199.52623149688807,212820,2667754
NHDPlus V2,1.5,0.4,199.52623149688807,251.18864315095823,234635,2667754
NHDPlus V2,1.5,0.4,251.18864315095823,316.22776601683796,260924,2667754
NHDPlus V2,1.5,0.4,316.22776601683796,398.1071705534973,292653,2667754
NHDPlus V2,1.5,0.4,398.1071705534973,501.18723362727246,335317,2667754
NHDPlus V2,1.5,0.4,501.18723362727246,630.9573444801937,386252,2667754
NHDPlus V2,1.5,0.4,630.9573444801937,794.3282347242822,449855,2667754
NHDPlus V2,1.5,0.4,794.3282347242822,1000.0,582314,2667754
NHDPlus V2,1.5,0.4,1000.0,1258.9254117941675,723139,2667754
NHDPlus V2,1.5,0.4,1258.9254117941675,1584.893192461114,782260,2667754
NHDPlus V2,1.5,0.4,1584.893192461114,1995.262314968881,686103,2667754
NHDPlus V2,1.5,0.4,1995.262314968881,2511.886431509582,530579,2667754
NHDPlus V2,1.5,0.4,2511.886431509582,3162.2776601683795,374881,2667754
NHDPlus V2,1.5,0.4,3162.2776601683795,3981.0717055349733,242648,2667754
NHDPlus V2,1.5,0.4,3981.0717055349733,5011.872336272725,143146,2667754
NHDPlus V2,1.5,0.4,5011.872336272725,6309.573444801937,77599,2667754
NHDPlus V2,1.5,0.4,6309.573444801937,7943.282347242822,38591,2667754
NHDPlus V2,1.5,0.4,7943.282347242822,10000.0,17420,2667754
NHDPlus V2,1.5,0.4,10000.0,12589.254117941688,7165,2667754
NHDPlus V2,1.5,0.4,12589.254117941688,15848.93192461114,2716,2667754
NHDPlus V2,1.5,0.4,15848.93192461114,19952.62314968879,1025,2667754
NHDPlus V2,1.5,0.4,19952.62314968879,25118.864315095823,359,2667754
NHDPlus V2,1.5,0.4,25118.864315095823,31622.776601683792,115,2667754
NHDPlus V2,1.5,0.4,31622.776601683792,39810.71705534977,41,2667754
NHDPlus V2,1.5,0.4,39810.71705534977,50118.72336272725,16,2667754
NHDPlus V2,1.5,0.4,50118.72336272725,63095.73444801943,4,2667754
NHDPlus V2,1.5,0.4,63095.73444801943,79432.82347242821,1,2667754
NHDPlus V2,1.5,0.4,79432.82347242821,100000.0,0,2667754
NHDPlus V2,1.5,0.4,100000.0,125892.54117941688,0,2667754
NHDPlus V2,1.5,0.4,125892.54117941688,158489.3192461114,0,2667754
NHDPlus V2,1.5,0.4,158489.3192461114,199526.2314968883,0,2667754
NHDPlus V2,1.5,0.4,199526.2314968883,251188.6431509582,0,2667754
NHDPlus V2,1.5,0.4,251188.6431509582,316227.7660168379,0,2667754
NHDPlus V2,1.5,0.4,316227.7660168379,398107.17055349774,0,2667754
NHDPlus V2,1.5,0.4,398107.17055349774,501187.2336272725,0,2667754
NHDPlus V2,1.5,0.4,501187.2336272725,630957.3444801943,0,2667754
NHDPlus V2,1.5,0.4,630957.3444801943,794328.2347242822,0,2667754
NHDPlus V2,1.5,0.4,794328.2347242822,1000000.0,0,2667754
NHDPlus V2,1.5,0.4,1000000.0,1258925.4117941686,0,2667754
NHDPlus V2,1.5,0.4,1258925.4117941686,1584893.1924611141,0,2667754
NHDPlus V2,1.5,0.4,1584893.1924611141,1995262.3149688828,0,2667754
NHDPlus V2,1.5,0.4,1995262.3149688828,2511886.4315095823,0,2667754
NHDPlus V2,1.5,0.4,2511886.4315095823,3162277.6601683795,0,2667754
NHDPlus V2,1.5,0.4,3162277.6601683795,3981071.7055349774,0,2667754
NHDPlus V2,1.5,0.4,3981071.7055349774,5011872.336272725,0,2667754
NHDPlus V2,1.5,0.4,5011872.336272725,6309573.444801942,0,2667754
NHDPlus V2,1.5,0.4,6309573.444801942,7943282.347242822,0,2667754
NHDPlus V2,1.5,0.4,7943282.347242822,10000000.0,0,2667754
GRIT,0.5,0.1,1.0,1.2589254117941673,0,1767065
GRIT,0.5,0.1,1.2589254117941673,1.5848931924611136,0,1767065
GRIT,0.5,0.1,1.5848931924611136,1.9952623149688797,0,1767065
GRIT,0.5,0.1,1.9952623149688797,2.51188643150958,0,1767065
GRIT,0.5,0.1,2.51188643150958,3.1622776601683795,0,1767065
GRIT,0.5,0.1,3.1622776601683795,3.981071705534973,0,1767065
GRIT,0.5,0.1,3.981071705534973,5.011872336272724,0,1767065
GRIT,0.5,0.1,5.011872336272724,6.309573444801933,1,1767065
GRIT,0.5,0.1,6.309573444801933,7.943282347242816,1,1767065
GRIT,0.5,0.1,7.943282347242816,10.0,3,1767065
GRIT,0.5,0.1,10.0,12.589254117941675,1377,1767065
GRIT,0.5,0.1,12.589254117941675,15.848931924611142,1378,1767065
GRIT,0.5,0.1,15.848931924611142,19.952623149688797,4057,1767065
GRIT,0.5,0.1,19.952623149688797,25.11886431509581,4814,1767065
GRIT,0.5,0.1,25.11886431509581,31.622776601683793,6523,1767065
GRIT,0.5,0.1,31.622776601683793,39.810717055349734,8752,1767065
GRIT,0.5,0.1,39.810717055349734,50.11872336272725,12430,1767065
GRIT,0.5,0.1,50.11872336272725,63.09573444801933,18139,1767065
GRIT,0.5,0.1,63.09573444801933,79.43282347242817,23281,1767065
GRIT,0.5,0.1,79.43282347242817,100.0,31183,1767065
GRIT,0.5,0.1,100.0,125.89254117941675,40277,1767065
GRIT,0.5,0.1,125.89254117941675,158.48931924611142,49742,1767065
GRIT,0.5,0.1,158.48931924611142,199.52623149688807,62008,1767065
GRIT,0.5,0.1,199.52623149688807,251.18864315095823,100725,1767065
GRIT,0.5,0.1,251.18864315095823,316.22776601683796,141849,1767065
GRIT,0.5,0.1,316.22776601683796,398.1071705534973,183344,1767065
GRIT,0.5,0.1,398.1071705534973,501.18723362727246,229180,1767065
GRIT,0.5,0.1,501.18723362727246,630.9573444801937,277128,1767065
GRIT,0.5,0.1,630.9573444801937,794.3282347242822,328609,1767065
GRIT,0.5,0.1,794.3282347242822,1000.0,387891,1767065
GRIT,0.5,0.1,1000.0,1258.9254117941675,454909,1767065
GRIT,0.5,0.1,1258.9254117941675,1584.893192461114,533872,1767065
GRIT,0.5,0.1,1584.893192461114,1995.262314968881,622839,1767065
GRIT,0.5,0.1,1995.262314968881,2511.886431509582,713612,1767065
GRIT,0.5,0.1,2511.886431509582,3162.2776601683795,799798,1767065
GRIT,0.5,0.1,3162.2776601683795,3981.0717055349733,895429,1767065
GRIT,0.5,0.1,3981.0717055349733,5011.872336272725,992507,1767065
GRIT,0.5,0.1,5011.872336272725,6309.573444801937,1082854,1767065
GRIT,0.5,0.1,6309.573444801937,7943.282347242822,1155519,1767065
GRIT,0.5,0.1,7943.282347242822,10000.0,1199296,1767065
GRIT,0.5,0.1,10000.0,12589.254117941688,1208456,1767065
GRIT,0.5,0.1,12589.254117941688,15848.93192461114,1179301,1767065
GRIT,0.5,0.1,15848.93192461114,19952.62314968879,1115258,1767065
GRIT,0.5,0.1,19952.62314968879,25118.864315095823,1023030,1767065
GRIT,0.5,0.1,25118.864315095823,31622.776601683792,909269,1767065
GRIT,0.5,0.1,31622.776601683792,39810.71705534977,779319,1767065
GRIT,0.5,0.1,39810.71705534977,50118.72336272725,638831,1767065
GRIT,0.5,0.1,50118.72336272725,63095.73444801943,496107,1767065
GRIT,0.5,0.1,63095.73444801943,79432.82347242821,360930,1767065
GRIT,0.5,0.1,79432.82347242821,100000.0,243236,1767065
GRIT,0.5,0.1,100000.0,125892.54117941688,149980,1767065
GRIT,0.5,0.1,125892.54117941688,158489.3192461114,83759,1767065
GRIT,0.5,0.1,158489.3192461114,199526.2314968883,42404,1767065
GRIT,0.5,0.1,199526.2314968883,251188.6431509582,19521,1767065
GRIT,0.5,0.1,251188.6431509582,316227.7660168379,8353,1767065
GRIT,0.5,0.1,316227.7660168379,398107.17055349774,3314,1767065
GRIT,0.5,0.1,398107.17055349774,501187.2336272725,1307,1767065
GRIT,0.5,0.1,501187.2336272725,630957.3444801943,483,1767065
GRIT,0.5,0.1,630957.3444801943,794328.2347242822,178,1767065
GRIT,0.5,0.1,794328.2347242822,1000000.0,54,1767065
GRIT,0.5,0.1,1000000.0,1258925.4117941686,11,1767065
GRIT,0.5,0.1,1258925.4117941686,1584893.1924611141,3,1767065
GRIT,0.5,0.1,1584893.1924611141,1995262.3149688828,0,1767065
GRIT,0.5,0.1,1995262.3149688828,2511886.4315095823,0,1767065
GRIT,0.5,0.1,2511886.4315095823,3162277.6601683795,0,1767065
GRIT,0.5,0.1,3162277.6601683795,3981071.7055349774,0,1767065
GRIT,0.5,0.1,3981071.7055349774,5011872.336272725,0,1767065
GRIT,0.5,0.1,5011872.336272725,6309573.444801942,0,1767065
GRIT,0.5,0.1,6309573.444801942,7943282.347242822,0,1767065
GRIT,0.5,0.1,7943282.347242822,10000000.0,0,1767065
GRIT,0.5,0.25,1.0,1.2589254117941673,0,1767065
GRIT,0.5,0.25,1.2589254117941673,1.5848931924611136,0,1767065
GRIT,0.5,0.25,1.5848931924611136,1.9952623149688797,0,1767065
GRIT,0.5,0.25,1.9952623149688797,2.51188643150958,0,1767065
GRIT,0.5,0.25,2.51188643150958,3.1622776601683795,0,1767065
GRIT,0.5,0.25,3.1622776601683795,3.981071705534973,0,1767065
GRIT,0.5,0.25,3.981071705534973,5.011872336272724,0,1767065
GRIT,0.5,0.25,5.011872336272724,6.309573444801933,0,1767065
GRIT,0.5,0.25,6.309573444801933,7.943282347242816,0,1767065
GRIT,0.5,0.25,7.943282347242816,10.0,0,1767065
GRIT,0.5,0.25,10.0,12.589254117941675,0,1767065
GRIT,0.5,0.25,12.589254117941675,15.848931924611142,1,1767065
GRIT,0.5,0.25,15.848931924611142,19.952623149688797,1,1767065
GRIT,0.5,0.25,19.952623149688797,25.11886431509581,3,1767065
GRIT,0.5,0.25,25.11886431509581,31.622776601683793,1377,1767065
GRIT,0.5,0.25,31.622776601683793,39.810717055349734,1378,1767065
GRIT,0.5,0.25,39.810717055349734,50.11872336272725,4057,1767065
GRIT,0.5,0.25,50.11872336272725,63.09573444801933,4813,1767065
GRIT,0.5,0.25,63.09573444801933,79.43282347242817,6522,1767065
GRIT,0.5,0.25,79.43282347242817,100.0,8753,1767065
GRIT,0.5,0.25,100.0,125.89254117941675,11053,1767065
GRIT,0.5,0.25,125.89254117941675,158.48931924611142,16761,1767065
GRIT,0.5,0.25,158.48931924611142,199.52623149688807,19224,1767065
GRIT,0.5,0.25,199.52623149688807,251.18864315095823,26370,1767065
GRIT,0.5,0.25,251.18864315095823,316.22776601683796,33757,1767065
GRIT,0.5,0.25,316.22776601683796,398.1071705534973,41344,1767065
GRIT,0.5,0.25,398.1071705534973,501.18723362727246,51848,1767065
GRIT,0.5,0.25,501.18723362727246,630.9573444801937,86090,1767065
GRIT,0.5,0.25,630.9573444801937,794.3282347242822,121876,1767065
GRIT,0.5,0.25,794.3282347242822,1000.0,159599,1767065
GRIT,0.5,0.25,1000.0,1258.9254117941675,197547,1767065
GRIT,0.5,0.25,1258.9254117941675,1584.893192461114,238453,1767065
GRIT,0.5,0.25,1584.893192461114,1995.262314968881,276068,1767065
GRIT,0.5,0.25,1995.262314968881,2511.886431509582,301004,1767065
GRIT,0.5,0.25,2511.886431509582,3162.2776601683795,334230,1767065
GRIT,0.5,0.25,3162.2776601683795,3981.0717055349733,377374,1767065
GRIT,0.5,0.25,3981.0717055349733,5011.872336272725,430750,1767065
GRIT,0.5,0.25,5011.872336272725,6309.573444801937,492951,1767065
GRIT,0.5,0.25,6309.573444801937,7943.282347242822,561164,1767065
GRIT,0.5,0.25,7943.282347242822,10000.0,632844,1767065
GRIT,0.5,0.25,10000.0,12589.254117941688,697384,1767065
GRIT,0.5,0.25,12589.254117941688,15848.93192461114,745704,1767065
GRIT,0.5,0.25,15848.93192461114,19952.62314968879,767105,1767065
GRIT,0.5,0.25,19952.62314968879,25118.864315095823,753114,1767065
GRIT,0.5,0.25,25118.864315095823,31622.776601683792,700592,1767065
GRIT,0.5,0.25,31622.776601683792,39810.71705534977,611504,1767065
GRIT,0.5,0.25,39810.71705534977,50118.72336272725,498418,1767065
GRIT,0.5,0.25,50118.72336272725,63095.73444801943,375858,1767065
GRIT,0.5,0.25,63095.73444801943,79432.82347242821,260741,1767065
GRIT,0.5,0.25,79432.82347242821,100000.0,165215,1767065
GRIT,0.5,0.25,100000.0,125892.54117941688,94575,1767065
GRIT,0.5,0.25,125892.54117941688,158489.3192461114,49003,1767065
GRIT,0.5,0.25,158489.3192461114,199526.2314968883,23000,1767065
GRIT,0.5,0.25,199526.2314968883,251188.6431509582,10014,1767065
GRIT,0.5,0.25,251188.6431509582,316227.7660168379,4027,1767065
GRIT,0.5,0.25,316227.7660168379,398107.17055349774,1588,1767065
GRIT,0.5,0.25,398107.17055349774,501187.2336272725,609,1767065
GRIT,0.5,0.25,501187.2336272725,630957.3444801943,203,1767065
GRIT,0.5,0.25,630957.3444801943,794328.2347242822,77,1767065
GRIT,0.5,0.25,794328.2347242822,1000000.0,16,1767065
GRIT,0.5,0.25,1000000.0,1258925.4117941686,4,1767065
GRIT,0.5,0.25,1258925.4117941686,1584893.1924611141,0,1767065
GRIT,0.5,0.25,1584893.1924611141,1995262.3149688828,0,1767065
GRIT,0.5,0.25,1995262.3149688828,2511886.4315095823,0,1767065
GRIT,0.5,0.25,2511886.4315095823,3162277.6601683795,0,1767065
GRIT,0.5,0.25,3162277.6601683795,3981071.7055349774,0,1767065
GRIT,0.5,0.25,3981071.7055349774,5011872.336272725,0,1767065
GRIT,0.5,0.25,5011872.336272725,6309573.444801942,0,1767065
GRIT,0.5,0.25,6309573.444801942,7943282.347242822,0,1767065
GRIT,0.5,0.25,7943282.347242822,10000000.0,0,1767065
GRIT,0.5,0.4,1.0,1.2589254117941673,0,1767065
GRIT,0.5,0.4,1.2589254117941673,1.5848931924611136,0,1767065
GRIT,0.5,0.4,1.5848931924611136,1.9952623149688797,0,1767065
GRIT,0.5,0.4,1.9952623149688797,2.51188643150958,0,1767065
GRIT,0.5,0.4,2.51188643150958,3.1622776601683795,0,1767065
GRIT,0.5,0.4,3.1622776601683795,3.981071705534973,0,1767065
GRIT,0.5,0.4,3.981071705534973,5.011872336272724,0,1767065
GRIT,0.5,0.4,5.011872336272724,6.309573444801933,0,1767065
GRIT,0.5,0.4,6.309573444801933,7.943282347242816,0,1767065
GRIT,0.5,0.4,7.943282347242816,10.0,0,1767065
GRIT,0.5,0.4,10.0,12.589254117941675,0,1767065
GRIT,0.5,0.4,12.589254117941675,15.848931924611142,0,1767065
GRIT,0.5,0.4,15.848931924611142,19.952623149688797,0,1767065
GRIT,0.5,0.4,19.952623149688797,25.11886431509581,1,1767065
GRIT,0.5,0.4,25.11886431509581,31.622776601683793,1,1767065
GRIT,0.5,0.4,31.622776601683793,39.810717055349734,3,1767065
GRIT,0.5,0.4,39.810717055349734,50.11872336272725,1376,1767065
GRIT,0.5,0.4,50.11872336272725,63.09573444801933,1377,1767065
GRIT,0.5,0.4,63.09573444801933,79.43282347242817,4054,1767065
GRIT,0.5,0.4,79.43282347242817,100.0,3437,1767065
GRIT,0.5,0.4,100.0,125.89254117941675,5145,1767065
GRIT,0.5,0.4,125.89254117941675,158.48931924611142,4694,1767065
GRIT,0.5,0.4,158.48931924611142,199.52623149688807,7616,1767065
GRIT,0.5,0.4,199.52623149688807,251.18864315095823,10211,1767065
GRIT,0.5,0.4,251.18864315095823,316.22776601683796,13046,1767065
GRIT,0.5,0.4,316.22776601683796,398.1071705534973,17741,1767065
GRIT,0.5,0.4,398.1071705534973,501.18723362727246,20613,1767065
GRIT,0.5,0.4,501.18723362727246,630.9573444801937,25792,1767065
GRIT,0.5,0.4,630.9573444801937,794.3282347242822,33101,1767065
GRIT,0.5,0.4,794.3282347242822,1000.0,61752,1767065
GRIT,0.5,0.4,1000.0,1258.9254117941675,92059,1767065
GRIT,0.5,0.4,1258.9254117941675,1584.893192461114,117569,1767065
GRIT,0.5,0.4,1584.893192461114,1995.262314968881,125096,1767065
GRIT,0.5,0.4,1995.262314968881,2511.886431509582,134519,1767065
GRIT,0.5,0.4,2511.886431509582,3162.2776601683795,146649,1767065
GRIT,0.5,0.4,3162.2776601683795,3981.0717055349733,162917,1767065
GRIT,0.5,0.4,3981.0717055349733,5011.872336272725,184815,1767065
GRIT,0.5,0.4,5011.872336272725,6309.573444801937,213499,1767065
GRIT,0.5,0.4,6309.573444801937,7943.282347242822,247903,1767065
GRIT,0.5,0.4,7943.282347242822,10000.0,284903,1767065
GRIT,0.5,0.4,10000.0,12589.254117941688,320650,1767065
GRIT,0.5,0.4,12589.254117941688,15848.93192461114,355109,1767065
GRIT,0.5,0.4,15848.93192461114,19952.62314968879,379907,1767065
GRIT,0.5,0.4,19952.62314968879,25118.864315095823,390190,1767065
GRIT,0.5,0.4,25118.864315095823,31622.776601683792,376805,1767065
GRIT,0.5,0.4,31622.776601683792,39810.71705534977,339194,1767065
GRIT,0.5,0.4,39810.71705534977,50118.72336272725,279849,1767065
GRIT,0.5,0.4,50118.72336272725,63095.73444801943,209884,1767065
GRIT,0.5,0.4,63095.73444801943,79432.82347242821,141294,1767065
GRIT,0.5,0.4,79432.82347242821,100000.0,84599,1767065
GRIT,0.5,0.4,100000.0,125892.54117941688,45224,1767065
GRIT,0.5,0.4,125892.54117941688,158489.3192461114,21646,1767065
GRIT,0.5,0.4,158489.3192461114,199526.2314968883,9499,1767065
GRIT,0.5,0.4,199526.2314968883,251188.6431509582,3870,1767065
GRIT,0.5,0.4,251188.6431509582,316227.7660168379,1529,1767065
GRIT,0.5,0.4,316227.7660168379,398107.17055349774,612,1767065
GRIT,0.5,0.4,398107.17055349774,501187.2336272725,205,1767065
GRIT,0.5,0.4,501187.2336272725,630957.3444801943,79,1767065
GRIT,0.5,0.4,630957.3444801943,794328.2347242822,16,1767065
GRIT,0.5,0.4,794328.2347242822,1000000.0,4,1767065
GRIT,0.5,0.4,1000000.0,1258925.4117941686,0,1767065
GRIT,0.5,0.4,1258925.4117941686,1584893.1924611141,0,1767065
GRIT,0.5,0.4,1584893.1924611141,1995262.3149688828,0,1767065
GRIT,0.5,0.4,1995262.3149688828,2511886.4315095823,0,1767065
GRIT,0.5,0.4,2511886.4315095823,3162277.6601683795,0,1767065
GRIT,0.5,0.4,3162277.6601683795,3981071.7055349774,0,1767065
GRIT,0.5,0.4,3981071.7055349774,5011872.336272725,0,1767065
GRIT,0.5,0.4,5011872.336272725,6309573.444801942,0,1767065
GRIT,0.5,0.4,6309573.444801942,7943282.347242822,0,1767065
GRIT,0.5,0.4,7943282.347242822,10000000.0,0,1767065
GRIT,1.0,0.1,1.0,1.2589254117941673,0,1767065
GRIT,1.0,0.1,1.2589254117941673,1.5848931924611136,0,1767065
GRIT,1.0,0.1,1.5848931924611136,1.9952623149688797,0,1767065
GRIT,1.0,0.1,1.9952623149688797,2.51188643150958,0,1767065
GRIT,1.0,0.1,2.51188643150958,3.1622776601683795,1,1767065
GRIT,1.0,0.1,3.1622776601683795,3.981071705534973,1,1767065
GRIT,1.0,0.1,3.981071705534973,5.011872336272724,3,1767065
GRIT,1.0,0.1,5.011872336272724,6.309573444801933,1377,1767065
GRIT,1.0,0.1,6.309573444801933,7.943282347242816,1378,1767065
GRIT,1.0,0.1,7.943282347242816,10.0,4057,1767065
GRIT,1.0,0.1,10.0,12.589254117941675,4814,1767065
GRIT,1.0,0.1,12.589254117941675,15.848931924611142,6523,1767065
GRIT,1.0,0.1,15.848931924611142,19.952623149688797,8752,1767065
GRIT,1.0,0.1,19.952623149688797,25.11886431509581,12430,1767065
GRIT,1.0,0.1,25.11886431509581,31.622776601683793,18139,1767065
GRIT,1.0,0.1,31.622776601683793,39.810717055349734,23281,1767065
GRIT,1.0,0.1,39.810717055349734,50.11872336272725,31183,1767065
GRIT,1.0,0.1,50.11872336272725,63.09573444801933,40277,1767065
GRIT,1.0,0.1,63.09573444801933,79.43282347242817,49742,1767065
GRIT,1.0,0.1,79.43282347242817,100.0,62488,1767065
GRIT,1.0,0.1,100.0,125.89254117941675,101088,1767065
GRIT,1.0,0.1,125.89254117941675,158.48931924611142,142516,1767065
GRIT,1.0,0.1,158.48931924611142,199.52623149688807,183975,1767065
GRIT,1.0,0.1,199.52623149688807,251.18864315095823,229592,1767065
GRIT,1.0,0.1,251.18864315095823,316.22776601683796,277813,1767065
GRIT,1.0,0.1,316.22776601683796,398.1071705534973,329024,1767065
GRIT,1.0,0.1,398.1071705534973,501.18723362727246,388583,1767065
GRIT,1.0,0.1,501.18723362727246,630.9573444801937,455909,1767065
GRIT,1.0,0.1,630.9573444801937,794.3282347242822,534012,1767065
GRIT,1.0,0.1,794.3282347242822,1000.0,623893,1767065
GRIT,1.0,0.1,1000.0,1258.9254117941675,713458,1767065
GRIT,1.0,0.1,1258.9254117941675,1584.893192461114,801168,1767065
GRIT,1.0,0.1,1584.893192461114,1995.262314968881,896477,1767065
GRIT,1.0,0.1,1995.262314968881,2511.886431509582,993577,1767065
GRIT,1.0,0.1,2511.886431509582,3162.2776601683795,1083786,1767065
GRIT,1.0,0.1,3162.2776601683795,3981.0717055349733,1156001,1767065
GRIT,1.0,0.1,3981.0717055349733,5011.872336272725,1199666,1767065
GRIT,1.0,0.1,5011.872336272725,6309.573444801937,1208287,1767065
GRIT,1.0,0.1,6309.573444801937,7943.282347242822,1178823,1767065
GRIT,1.0,0.1,7943.282347242822,10000.0,1114365,1767065
GRIT,1.0,0.1,10000.0,12589.254117941688,1021954,1767065
GRIT,1.0,0.1,12589.254117941688,15848.93192461114,908024,1767065
GRIT,1.0,0.1,15848.93192461114,19952.62314968879,777918,1767065
GRIT,1.0,0.1,19952.62314968879,25118.864315095823,637400,1767065
GRIT,1.0,0.1,25118.864315095823,31622.776601683792,494577,1767065
GRIT,1.0,0.1,31622.776601683792,39810.71705534977,359655,1767065
GRIT,1.0,0.1,39810.71705534977,50118.72336272725,242119,1767065
GRIT,1.0,0.1,50118.72336272725,63095.73444801943,149180,1767065
GRIT,1.0,0.1,63095.73444801943,79432.82347242821,83191,1767065
GRIT,1.0,0.1,79432.82347242821,100000.0,42095,1767065
GRIT,1.0,0.1,100000.0,125892.54117941688,19349,1767065
GRIT,1.0,0.1,125892.54117941688,158489.3192461114,8286,1767065
GRIT,1.0,0.1,158489.3192461114,199526.2314968883,3286,1767065
GRIT,1.0,0.1,199526.2314968883,251188.6431509582,1292,1767065
GRIT,1.0,0.1,251188.6431509582,316227.7660168379,479,1767065
GRIT,1.0,0.1,316227.7660168379,398107.17055349774,178,1767065
GRIT,1.0,0.1,398107.17055349774,501187.2336272725,53,1767065
GRIT,1.0,0.1,501187.2336272725,630957.3444801943,11,1767065
GRIT,1.0,0.1,630957.3444801943,794328.2347242822,3,1767065
GRIT,1.0,0.1,794328.2347242822,1000000.0,0,1767065
GRIT,1.0,0.1,1000000.0,1258925.4117941686,0,1767065
GRIT,1.0,0.1,1258925.4117941686,1584893.1924611141,0,1767065
GRIT,1.0,0.1,1584893.1924611141,1995262.3149688828,0,1767065
GRIT,1.0,0.1,1995262.3149688828,2511886.4315095823,0,1767065
GRIT,1.0,0.1,2511886.4315095823,3162277.6601683795,0,1767065
GRIT,1.0,0.1,3162277.6601683795,3981071.7055349774,0,1767065
GRIT,1.0,0.1,3981071.7055349774,5011872.336272725,0,1767065
GRIT,1.0,0.1,5011872.336272725,6309573.444801942,0,1767065
GRIT,1.0,0.1,6309573.444801942,7943282.347242822,0,1767065
GRIT,1.0,0.1,7943282.347242822,10000000.0,0,1767065
GRIT,1.0,0.25,1.0,1.2589254117941673,0,1767065
GRIT,1.0,0.25,1.2589254117941673,1.5848931924611136,0,1767065
GRIT,1.0,0.25,1.5848931924611136,1.9952623149688797,0,1767065
GRIT,1.0,0.25,1.9952623149688797,2.51188643150958,0,1767065
GRIT,1.0,0.25,2.51188643150958,3.1622776601683795,0,1767065
GRIT,1.0,0.25,3.1622776601683795,3.981071705534973,0,1767065
GRIT,1.0,0.25,3.981071705534973,5.011872336272724,0,1767065
GRIT,1.0,0.25,5.011872336272724,6.309573444801933,0,1767065
GRIT,1.0,0.25,6.309573444801933,7.943282347242816,1,1767065
GRIT,1.0,0.25,7.943282347242816,10.0,1,1767065
GRIT,1.0,0.25,10.0,12.589254117941675,3,1767065
GRIT,1.0,0.25,12.589254117941675,15.848931924611142,1377,1767065
GRIT,1.0,0.25,15.848931924611142,19.952623149688797,1378,1767065
GRIT,1.0,0.25,19.952623149688797,25.11886431509581,4057,1767065
GRIT,1.0,0.25,25.11886431509581,31.622776601683793,4813,1767065
GRIT,1.0,0.25,31.622776601683793,39.810717055349734,6522,1767065
GRIT,1.0,0.25,39.810717055349734,50.11872336272725,8753,1767065
GRIT,1.0,0.25,50.11872336272725,63.09573444801933,11053,1767065
GRIT,1.0,0.25,63.09573444801933,79.43282347242817,16761,1767065
GRIT,1.0,0.25,79.43282347242817,100.0,20136,1767065
GRIT,1.0,0.25,100.0,125.89254117941675,26370,1767065
GRIT,1.0,0.25,125.89254117941675,158.48931924611142,33757,1767065
GRIT,1.0,0.25,158.48931924611142,199.52623149688807,41345,1767065
GRIT,1.0,0.25,199.52623149688807,251.18864315095823,52644,1767065
GRIT,1.0,0.25,251.18864315095823,316.22776601683796,86716,1767065
GRIT,1.0,0.25,316.22776601683796,398.1071705534973,122265,1767065
GRIT,1.0,0.25,398.1071705534973,501.18723362727246,159524,1767065
GRIT,1.0,0.25,501.18723362727246,630.9573444801937,198249,1767065
GRIT,1.0,0.25,630.9573444801937,794.3282347242822,239106,1767065
GRIT,1.0,0.25,794.3282347242822,1000.0,276644,1767065
GRIT,1.0,0.25,1000.0,1258.9254117941675,301747,1767065
GRIT,1.0,0.25,1258.9254117941675,1584.893192461114,334256,1767065
GRIT,1.0,0.25,1584.893192461114,1995.262314968881,377356,1767065
GRIT,1.0,0.25,1995.262314968881,2511.886431509582,431475,1767065
GRIT,1.0,0.25,2511.886431509582,3162.2776601683795,493459,1767065
GRIT,1.0,0.25,3162.2776601683795,3981.0717055349733,561899,1767065
GRIT,1.0,0.25,3981.0717055349733,5011.872336272725,633653,1767065
GRIT,1.0,0.25,5011.872336272725,6309.573444801937,697939,1767065
GRIT,1.0,0.25,6309.573444801937,7943.282347242822,746018,1767065
GRIT,1.0,0.25,7943.282347242822,10000.0,767130,1767065
GRIT,1.0,0.25,10000.0,12589.254117941688,752800,1767065
GRIT,1.0,0.25,12589.254117941688,15848.93192461114,699818,1767065
GRIT,1.0,0.25,15848.93192461114,19952.62314968879,610468,1767065
GRIT,1.0,0.25,19952.62314968879,25118.864315095823,497159,1767065
GRIT,1.0,0.25,25118.864315095823,31622.776601683792,374700,1767065
GRIT,1.0,0.25,31622.776601683792,39810.71705534977,259679,1767065
GRIT,1.0,0.25,39810.71705534977,50118.72336272725,164348,1767065
GRIT,1.0,0.25,50118.72336272725,63095.73444801943,93959,1767065
GRIT,1.0,0.25,63095.73444801943,79432.82347242821,48672,1767065
GRIT,1.0,0.25,79432.82347242821,100000.0,22817,1767065
GRIT,1.0,0.25,100000.0,125892.54117941688,9921,1767065
GRIT,1.0,0.25,125892.54117941688,158489.3192461114,3988,1767065
GRIT,1.0,0.25,158489.3192461114,199526.2314968883,1568,1767065
GRIT,1.0,0.25,199526.2314968883,251188.6431509582,605,1767065
GRIT,1.0,0.25,251188.6431509582,316227.7660168379,201,1767065
GRIT,1.0,0.25,316227.7660168379,398107.17055349774,76,1767065
GRIT,1.0,0.25,398107.17055349774,501187.2336272725,15,1767065
GRIT,1.0,0.25,501187.2336272725,630957.3444801943,4,1767065
GRIT,1.0,0.25,630957.3444801943,794328.2347242822,0,1767065
GRIT,1.0,0.25,794328.2347242822,1000000.0,0,1767065
GRIT,1.0,0.25,1000000.0,1258925.4117941686,0,1767065
GRIT,1.0,0.25,1258925.4117941686,1584893.1924611141,0,1767065
GRIT,1.0,0.25,1584893.1924611141,1995262.3149688828,0,1767065
GRIT,1.0,0.25,1995262.3149688828,2511886.4315095823,0,1767065
GRIT,1.0,0.25,2511886.4315095823,3162277.6601683795,0,1767065
GRIT,1.0,0.25,3162277.6601683795,3981071.7055349774,0,1767065
GRIT,1.0,0.25,3981071.7055349774,5011872.336272725,0,1767065
GRIT,1.0,0.25,5011872.336272725,6309573.444801942,0,1767065
GRIT,1.0,0.25,6309573.444801942,7943282.347242822,0,1767065
GRIT,1.0,0.25,7943282.347242822,10000000.0,0,1767065
GRIT,1.0,0.4,1.0,1.2589254117941673,0,1767065
GRIT,1.0,0.4,1.2589254117941673,1.5848931924611136,0,1767065
GRIT,1.0,0.4,1.5848931924611136,1.9952623149688797,0,1767065
GRIT,1.0,0.4,1.9952623149688797,2.51188643150958,0,1767065
GRIT,1.0,0.4,2.51188643150958,3.1622776601683795,0,1767065
GRIT,1.0,0.4,3.1622776601683795,3.981071705534973,0,1767065
GRIT,1.0,0.4,3.981071705534973,5.011872336272724,0,1767065
GRIT,1.0,0.4,5.011872336272724,6.309573444801933,0,1767065
GRIT,1.0,0.4,6.309573444801933,7.943282347242816,0,1767065
GRIT,1.0,0.4,7.943282347242816,10.0,0,1767065
GRIT,1.0,0.4,10.0,12.589254117941675,1,1767065
GRIT,1.0,0.4,12.589254117941675,15.848931924611142,1,1767065
GRIT,1.0,0.4,15.848931924611142,19.952623149688797,3,1767065
GRIT,1.0,0.4,19.952623149688797,25.11886431509581,1376,1767065
GRIT,1.0,0.4,25.11886431509581,31.622776601683793,1377,1767065
GRIT,1.0,0.4,31.622776601683793,39.810717055349734,4054,1767065
GRIT,1.0,0.4,39.810717055349734,50.11872336272725,3437,1767065
GRIT,1.0,0.4,50.11872336272725,63.09573444801933,5145,1767065
GRIT,1.0,0.4,63.09573444801933,79.43282347242817,4694,1767065
GRIT,1.0,0.4,79.43282347242817,100.0,7616,1767065
GRIT,1.0,0.4,100.0,125.89254117941675,11616,1767065
GRIT,1.0,0.4,125.89254117941675,158.48931924611142,13046,1767065
GRIT,1.0,0.4,158.48931924611142,199.52623149688807,17741,1767065
GRIT,1.0,0.4,199.52623149688807,251.18864315095823,20613,1767065
GRIT,1.0,0.4,251.18864315095823,316.22776601683796,25792,1767065
GRIT,1.0,0.4,316.22776601683796,398.1071705534973,33180,1767065
GRIT,1.0,0.4,398.1071705534973,501.18723362727246,61752,1767065
GRIT,1.0,0.4,501.18723362727246,630.9573444801937,91514,1767065
GRIT,1.0,0.4,630.9573444801937,794.3282347242822,116560,1767065
GRIT,1.0,0.4,794.3282347242822,1000.0,125558,1767065
GRIT,1.0,0.4,1000.0,1258.9254117941675,134286,1767065
GRIT,1.0,0.4,1258.9254117941675,1584.893192461114,147056,1767065
GRIT,1.0,0.4,1584.893192461114,1995.262314968881,163261,1767065
GRIT,1.0,0.4,1995.262314968881,2511.886431509582,185173,1767065
GRIT,1.0,0.4,2511.886431509582,3162.2776601683795,213765,1767065
GRIT,1.0,0.4,3162.2776601683795,3981.0717055349733,248229,1767065
GRIT,1.0,0.4,3981.0717055349733,5011.872336272725,285273,1767065
GRIT,1.0,0.4,5011.872336272725,6309.573444801937,321039,1767065
GRIT,1.0,0.4,6309.573444801937,7943.282347242822,355329,1767065
GRIT,1.0,0.4,7943.282347242822,10000.0,380164,1767065
GRIT,1.0,0.4,10000.0,12589.254117941688,390031,1767065
GRIT,1.0,0.4,12589.254117941688,15848.93192461114,376573,1767065
GRIT,1.0,0.4,15848.93192461114,19952.62314968879,338654,1767065
GRIT,1.0,0.4,19952.62314968879,25118.864315095823,279244,1767065
GRIT,1.0,0.4,25118.864315095823,31622.776601683792,209124,1767065
GRIT,1.0,0.4,31622.776601683792,39810.71705534977,140644,1767065
GRIT,1.0,0.4,39810.71705534977,50118.72336272725,84079,1767065
GRIT,1.0,0.4,50118.72336272725,63095.73444801943,44886,1767065
GRIT,1.0,0.4,63095.73444801943,79432.82347242821,21453,1767065
GRIT,1.0,0.4,79432.82347242821,100000.0,9405,1767065
GRIT,1.0,0.4,100000.0,125892.54117941688,3827,1767065
GRIT,1.0,0.4,125892.54117941688,158489.3192461114,1513,1767065
GRIT,1.0,0.4,158489.3192461114,199526.2314968883,601,1767065
GRIT,1.0,0.4,199526.2314968883,251188.6431509582,202,1767065
GRIT,1.0,0.4,251188.6431509582,316227.7660168379,79,1767065
GRIT,1.0,0.4,316227.7660168379,398107.17055349774,16,1767065
GRIT,1.0,0.4,398107.17055349774,501187.2336272725,4,1767065
GRIT,1.0,0.4,501187.2336272725,630957.3444801943,0,1767065
GRIT,1.0,0.4,630957.3444801943,794328.2347242822,0,1767065
GRIT,1.0,0.4,794328.2347242822,1000000.0,0,1767065
GRIT,1.0,0.4,1000000.0,1258925.4117941686,0,1767065
GRIT,1.0,0.4,1258925.4117941686,1584893.1924611141,0,1767065
GRIT,1.0,0.4,1584893.1924611141,1995262.3149688828,0,1767065
GRIT,1.0,0.4,1995262.3149688828,2511886.4315095823,0,1767065
GRIT,1.0,0.4,2511886.4315095823,3162277.6601683795,0,1767065
GRIT,1.0,0.4,3162277.6601683795,3981071.7055349774,0,1767065
GRIT,1.0,0.4,3981071.7055349774,5011872.336272725,0,1767065
GRIT,1.0,0.4,5011872.336272725,6309573.444801942,0,1767065
GRIT,1.0,0.4,6309573.444801942,7943282.347242822,0,1767065
GRIT,1.0,0.4,7943282.347242822,10000000.0,0,1767065
GRIT,1.5,0.1,1.0,1.2589254117941673,0,1767065
GRIT,1.5,0.1,1.2589254117941673,1.5848931924611136,0,1767065
GRIT,1.5,0.1,1.5848931924611136,1.9952623149688797,0,1767065
GRIT,1.5,0.1,1.9952623149688797,2.51188643150958,1,1767065
GRIT,1.5,0.1,2.51188643150958,3.1622776601683795,3,1767065
GRIT,1.5,0.1,3.1622776601683795,3.981071705534973,3,1767065
GRIT,1.5,0.1,3.981071705534973,5.011872336272724,1378,1767065
GRIT,1.5,0.1,5.011872336272724,6.309573444801933,4057,1767065
GRIT,1.5,0.1,6.309573444801933,7.943282347242816,4069,1767065
GRIT,1.5,0.1,7.943282347242816,10.0,6523,1767065
GRIT,1.5,0.1,10.0,12.589254117941675,8750,1767065
GRIT,1.5,0.1,12.589254117941675,15.848931924611142,11975,1767065
GRIT,1.5,0.1,15.848931924611142,19.952623149688797,16454,1767065
GRIT,1.5,0.1,19.952623149688797,25.11886431509581,22551,1767065
GRIT,1.5,0.1,25.11886431509581,31.622776601683793,29339,1767065
GRIT,1.5,0.1,31.622776601683793,39.810717055349734,37712,1767065
GRIT,1.5,0.1,39.810717055349734,50.11872336272725,47190,1767065
GRIT,1.5,0.1,50.11872336272725,63.09573444801933,60906,1767065
GRIT,1.5,0.1,63.09573444801933,79.43282347242817,90937,1767065
GRIT,1.5,0.1,79.43282347242817,100.0,132289,1767065
GRIT,1.5,0.1,100.0,125.89254117941675,174498,1767065
GRIT,1.5,0.1,125.89254117941675,158.48931924611142,217784,1767065
GRIT,1.5,0.1,158.48931924611142,199.52623149688807,266057,1767065
GRIT,1.5,0.1,199.52623149688807,251.18864315095823,316475,1767065
GRIT,1.5,0.1,251.18864315095823,316.22776601683796,373772,1767065
GRIT,1.5,0.1,316.22776601683796,398.1071705534973,439143,1767065
GRIT,1.5,0.1,398.1071705534973,501.18723362727246,515303,1767065
GRIT,1.5,0.1,501.18723362727246,630.9573444801937,601418,1767065
GRIT,1.5,0.1,630.9573444801937,794.3282347242822,693718,1767065
GRIT,1.5,0.1,794.3282347242822,1000.0,779371,1767065
GRIT,1.5,0.1,1000.0,1258.9254117941675,873145,1767065
GRIT,1.5,0.1,1258.9254117941675,1584.893192461114,970851,1767065
GRIT,1.5,0.1,1584.893192461114,1995.262314968881,1063467,1767065
GRIT,1.5,0.1,1995.262314968881,2511.886431509582,1140956,1767065
GRIT,1.5,0.1,2511.886431509582,3162.2776601683795,1192288,1767065
GRIT,1.5,0.1,3162.2776601683795,3981.0717055349733,1209713,1767065
GRIT,1.5,0.1,3981.0717055349733,5011.872336272725,1189363,1767065
GRIT,1.5,0.1,5011.872336272725,6309.573444801937,1132727,1767065
GRIT,1.5,0.1,6309.573444801937,7943.282347242822,1046452,1767065
GRIT,1.5,0.1,7943.282347242822,10000.0,936932,1767065
GRIT,1.5,0.1,10000.0,12589.254117941688,810297,1767065
GRIT,1.5,0.1,12589.254117941688,15848.93192461114,671254,1767065
GRIT,1.5,0.1,15848.93192461114,19952.62314968879,528638,1767065
GRIT,1.5,0.1,19952.62314968879,25118.864315095823,390483,1767065
GRIT,1.5,0.1,25118.864315095823,31622.776601683792,268067,1767065
GRIT,1.5,0.1,31622.776601683792,39810.71705534977,168981,1767065
GRIT,1.5,0.1,39810.71705534977,50118.72336272725,96546,1767065
GRIT,1.5,0.1,50118.72336272725,63095.73444801943,50024,1767065
GRIT,1.5,0.1,63095.73444801943,79432.82347242821,23462,1767065
GRIT,1.5,0.1,79432.82347242821,100000.0,10202,1767065
GRIT,1.5,0.1,100000.0,125892.54117941688,4112,1767065
GRIT,1.5,0.1,125892.54117941688,158489.3192461114,1611,1767065
GRIT,1.5,0.1,158489.3192461114,199526.2314968883,623,1767065
GRIT,1.5,0.1,199526.2314968883,251188.6431509582,207,1767065
GRIT,1.5,0.1,251188.6431509582,316227.7660168379,79,1767065
GRIT,1.5,0.1,316227.7660168379,398107.17055349774,16,1767065
GRIT,1.5,0.1,398107.17055349774,501187.2336272725,4,1767065
GRIT,1.5,0.1,501187.2336272725,630957.3444801943,0,1767065
GRIT,1.5,0.1,630957.3444801943,794328.2347242822,0,1767065
GRIT,1.5,0.1,794328.2347242822,1000000.0,0,1767065
GRIT,1.5,0.1,1000000.0,1258925.4117941686,0,1767065
GRIT,1.5,0.1,1258925.4117941686,1584893.1924611141,0,1767065
GRIT,1.5,0.1,1584893.1924611141,1995262.3149688828,0,1767065
GRIT,1.5,0.1,1995262.3149688828,2511886.4315095823,0,1767065
GRIT,1.5,0.1,2511886.4315095823,3162277.6601683795,0,1767065
GRIT,1.5,0.1,3162277.6601683795,3981071.7055349774,0,1767065
GRIT,1.5,0.1,3981071.7055349774,5011872.336272725,0,1767065
GRIT,1.5,0.1,5011872.336272725,6309573.444801942,0,1767065
GRIT,1.5,0.1,6309573.444801942,7943282.347242822,0,1767065
GRIT,1.5,0.1,7943282.347242822,10000000.0,0,1767065
GRIT,1.5,0.25,1.0,1.2589254117941673,0,1767065
GRIT,1.5,0.25,1.2589254117941673,1.5848931924611136,0,1767065
GRIT,1.5,0.25,1.5848931924611136,1.9952623149688797,0,1767065
GRIT,1.5,0.25,1.9952623149688797,2.51188643150958,0,1767065
GRIT,1.5,0.25,2.51188643150958,3.1622776601683795,0,1767065
GRIT,1.5,0.25,3.1622776601683795,3.981071705534973,0,1767065
GRIT,1.5,0.25,3.981071705534973,5.011872336272724,1,1767065
GRIT,1.5,0.25,5.011872336272724,6.309573444801933,1,1767065
GRIT,1.5,0.25,6.309573444801933,7.943282347242816,3,1767065
GRIT,1.5,0.25,7.943282347242816,10.0,3,1767065
GRIT,1.5,0.25,10.0,12.589254117941675,1378,1767065
GRIT,1.5,0.25,12.589254117941675,15.848931924611142,4057,1767065
GRIT,1.5,0.25,15.848931924611142,19.952623149688797,4068,1767065
GRIT,1.5,0.25,19.952623149688797,25.11886431509581,6522,1767065
GRIT,1.5,0.25,25.11886431509581,31.622776601683793,8747,1767065
GRIT,1.5,0.25,31.622776601683793,39.810717055349734,10598,1767065
GRIT,1.5,0.25,39.810717055349734,50.11872336272725,15356,1767065
GRIT,1.5,0.25,50.11872336272725,63.09573444801933,18495,1767065
GRIT,1.5,0.25,63.09573444801933,79.43282347242817,24526,1767065
GRIT,1.5,0.25,79.43282347242817,100.0,31192,1767065
GRIT,1.5,0.25,100.0,125.89254117941675,39811,1767065
GRIT,1.5,0.25,125.89254117941675,158.48931924611142,50032,1767065
GRIT,1.5,0.25,158.48931924611142,199.52623149688807,78244,1767065
GRIT,1.5,0.25,199.52623149688807,251.18864315095823,114215,1767065
GRIT,1.5,0.25,251.18864315095823,316.22776601683796,150631,1767065
GRIT,1.5,0.25,316.22776601683796,398.1071705534973,189093,1767065
GRIT,1.5,0.25,398.1071705534973,501.18723362727246,229070,1767065
GRIT,1.5,0.25,501.18723362727246,630.9573444801937,270213,1767065
GRIT,1.5,0.25,630.9573444801937,794.3282347242822,295510,1767065
GRIT,1.5,0.25,794.3282347242822,1000.0,326250,1767065
GRIT,1.5,0.25,1000.0,1258.9254117941675,366571,1767065
GRIT,1.5,0.25,1258.9254117941675,1584.893192461114,417702,1767065
GRIT,1.5,0.25,1584.893192461114,1995.262314968881,477662,1767065
GRIT,1.5,0.25,1995.262314968881,2511.886431509582,544855,1767065
GRIT,1.5,0.25,2511.886431509582,3162.2776601683795,616749,1767065
GRIT,1.5,0.25,3162.2776601683795,3981.0717055349733,683650,1767065
GRIT,1.5,0.25,3981.0717055349733,5011.872336272725,736918,1767065
GRIT,1.5,0.25,5011.872336272725,6309.573444801937,764999,1767065
GRIT,1.5,0.25,6309.573444801937,7943.282347242822,759639,1767065
GRIT,1.5,0.25,7943.282347242822,10000.0,716325,1767065
GRIT,1.5,0.25,10000.0,12589.254117941688,634213,1767065
GRIT,1.5,0.25,12589.254117941688,15848.93192461114,525564,1767065
GRIT,1.5,0.25,15848.93192461114,19952.62314968879,403778,1767065
GRIT,1.5,0.25,19952.62314968879,25118.864315095823,285906,1767065
GRIT,1.5,0.25,25118.864315095823,31622.776601683792,185028,1767065
GRIT,1.5,0.25,31622.776601683792,39810.71705534977,108398,1767065
GRIT,1.5,0.25,39810.71705534977,50118.72336272725,57450,1767065
GRIT,1.5,0.25,50118.72336272725,63095.73444801943,27548,1767065
GRIT,1.5,0.25,63095.73444801943,79432.82347242821,12105,1767065
GRIT,1.5,0.25,79432.82347242821,100000.0,4987,1767065
GRIT,1.5,0.25,100000.0,125892.54117941688,1949,1767065
GRIT,1.5,0.25,125892.54117941688,158489.3192461114,779,1767065
GRIT,1.5,0.25,158489.3192461114,199526.2314968883,274,1767065
GRIT,1.5,0.25,199526.2314968883,251188.6431509582,95,1767065
GRIT,1.5,0.25,251188.6431509582,316227.7660168379,22,1767065
GRIT,1.5,0.25,316227.7660168379,398107.17055349774,4,1767065
GRIT,1.5,0.25,398107.17055349774,501187.2336272725,0,1767065
GRIT,1.5,0.25,501187.2336272725,630957.3444801943,0,1767065
GRIT,1.5,0.25,630957.3444801943,794328.2347242822,0,1767065
GRIT,1.5,0.25,794328.2347242822,1000000.0,0,1767065
GRIT,1.5,0.25,1000000.0,1258925.4117941686,0,1767065
GRIT,1.5,0.25,1258925.4117941686,1584893.1924611141,0,1767065
GRIT,1.5,0.25,1584893.1924611141,1995262.3149688828,0,1767065
GRIT,1.5,0.25,1995262.3149688828,2511886.4315095823,0,1767065
GRIT,1.5,0.25,2511886.4315095823,3162277.6601683795,0,1767065
GRIT,1.5,0.25,3162277.6601683795,3981071.7055349774,0,1767065
GRIT,1.5,0.25,3981071.7055349774,5011872.336272725,0,1767065
GRIT,1.5,0.25,5011872.336272725,6309573.444801942,0,1767065
GRIT,1.5,0.25,6309573.444801942,7943282.347242822,0,1767065
GRIT,1.5,0.25,7943282.347242822,10000000.0,0,1767065
GRIT,1.5,0.4,1.0,1.2589254117941673,0,1767065
GRIT,1.5,0.4,1.2589254117941673,1.5848931924611136,0,1767065
GRIT,1.5,0.4,1.5848931924611136,1.9952623149688797,0,1767065
GRIT,1.5,0.4,1.9952623149688797,2.51188643150958,0,1767065
GRIT,1.5,0.4,2.51188643150958,3.1622776601683795,0,1767065
GRIT,1.5,0.4,3.1622776601683795,3.981071705534973,0,1767065
GRIT,1.5,0.4,3.981071705534973,5.011872336272724,0,1767065
GRIT,1.5,0.4,5.011872336272724,6.309573444801933,0,1767065
GRIT,1.5,0.4,6.309573444801933,7.943282347242816,0,1767065
GRIT,1.5,0.4,7.943282347242816,10.0,1,1767065
GRIT,1.5,0.4,10.0,12.589254117941675,3,1767065
GRIT,1.5,0.4,12.589254117941675,15.848931924611142,2,1767065
GRIT,1.5,0.4,15.848931924611142,19.952623149688797,1377,1767065
GRIT,1.5,0.4,19.952623149688797,25.11886431509581,4054,1767065
GRIT,1.5,0.4,25.11886431509581,31.622776601683793,2692,1767065
GRIT,1.5,0.4,31.622776601683793,39.810717055349734,5145,1767065
GRIT,1.5,0.4,39.810717055349734,50.11872336272725,4693,1767065
GRIT,1.5,0.4,50.11872336272725,63.09573444801933,7161,1767065
GRIT,1.5,0.4,63.09573444801933,79.43282347242817,9931,1767065
GRIT,1.5,0.4,79.43282347242817,100.0,13800,1767065
GRIT,1.5,0.4,100.0,125.89254117941675,16910,1767065
GRIT,1.5,0.4,125.89254117941675,158.48931924611142,19576,1767065
GRIT,1.5,0.4,158.48931924611142,199.52623149688807,24451,1767065
GRIT,1.5,0.4,199.52623149688807,251.18864315095823,30748,1767065
GRIT,1.5,0.4,251.18864315095823,316.22776601683796,55108,1767065
GRIT,1.5,0.4,316.22776601683796,398.1071705534973,84599,1767065
GRIT,1.5,0.4,398.1071705534973,501.18723362727246,114113,1767065
GRIT,1.5,0.4,501.18723362727246,630.9573444801937,123507,1767065
GRIT,1.5,0.4,630.9573444801937,794.3282347242822,132344,1767065
GRIT,1.5,0.4,794.3282347242822,1000.0,143309,1767065
GRIT,1.5,0.4,1000.0,1258.9254117941675,158793,1767065
GRIT,1.5,0.4,1258.9254117941675,1584.893192461114,179407,1767065
GRIT,1.5,0.4,1584.893192461114,1995.262314968881,206290,1767065
GRIT,1.5,0.4,1995.262314968881,2511.886431509582,239691,1767065
GRIT,1.5,0.4,2511.886431509582,3162.2776601683795,276287,1767065
GRIT,1.5,0.4,3162.2776601683795,3981.0717055349733,312751,1767065
GRIT,1.5,0.4,3981.0717055349733,5011.872336272725,347588,1767065
GRIT,1.5,0.4,5011.872336272725,6309.573444801937,375189,1767065
GRIT,1.5,0.4,6309.573444801937,7943.282347242822,389615,1767065
GRIT,1.5,0.4,7943.282347242822,10000.0,381884,1767065
GRIT,1.5,0.4,10000.0,12589.254117941688,349834,1767065
GRIT,1.5,0.4,12589.254117941688,15848.93192461114,295023,1767065
GRIT,1.5,0.4,15848.93192461114,19952.62314968879,226279,1767065
GRIT,1.5,0.4,19952.62314968879,25118.864315095823,156227,1767065
GRIT,1.5,0.4,25118.864315095823,31622.776601683792,96035,1767065
GRIT,1.5,0.4,31622.776601683792,39810.71705534977,52606,1767065
GRIT,1.5,0.4,39810.71705534977,50118.72336272725,25825,1767065
GRIT,1.5,0.4,50118.72336272725,63095.73444801943,11487,1767065
GRIT,1.5,0.4,63095.73444801943,79432.82347242821,4776,1767065
GRIT,1.5,0.4,79432.82347242821,100000.0,1878,1767065
GRIT,1.5,0.4,100000.0,125892.54117941688,763,1767065
GRIT,1.5,0.4,125892.54117941688,158489.3192461114,278,1767065
GRIT,1.5,0.4,158489.3192461114,199526.2314968883,97,1767065
GRIT,1.5,0.4,199526.2314968883,251188.6431509582,22,1767065
GRIT,1.5,0.4,251188.6431509582,316227.7660168379,5,1767065
GRIT,1.5,0.4,316227.7660168379,398107.17055349774,0,1767065
GRIT,1.5,0.4,398107.17055349774,501187.2336272725,0,1767065
GRIT,1.5,0.4,501187.2336272725,630957.3444801943,0,1767065
GRIT,1.5,0.4,630957.3444801943,794328.2347242822,0,1767065
GRIT,1.5,0.4,794328.2347242822,1000000.0,0,1767065
GRIT,1.5,0.4,1000000.0,1258925.4117941686,0,1767065
GRIT,1.5,0.4,1258925.4117941686,1584893.1924611141,0,1767065
GRIT,1.5,0.4,1584893.1924611141,1995262.3149688828,0,1767065
GRIT,1.5,0.4,1995262.3149688828,2511886.4315095823,0,1767065
GRIT,1.5,0.4,2511886.4315095823,3162277.6601683795,0,1767065
GRIT,1.5,0.4,3162277.6601683795,3981071.7055349774,0,1767065
GRIT,1.5,0.4,3981071.7055349774,5011872.336272725,0,1767065
GRIT,1.5,0.4,5011872.336272725,6309573.444801942,0,1767065
GRIT,1.5,0.4,6309573.444801942,7943282.347242822,0,1767065
GRIT,1.5,0.4,7943282.347242822,10000000.0,0,1767065
HydroSHEDS v2,0.5,0.1,1.0,1.2589254117941673,0,20990675
HydroSHEDS v2,0.5,0.1,1.2589254117941673,1.5848931924611136,0,20990675
HydroSHEDS v2,0.5,0.1,1.5848931924611136,1.9952623149688797,13,20990675
HydroSHEDS v2,0.5,0.1,1.9952623149688797,2.51188643150958,52,20990675
HydroSHEDS v2,0.5,0.1,2.51188643150958,3.1622776601683795,83,20990675
HydroSHEDS v2,0.5,0.1,3.1622776601683795,3.981071705534973,237,20990675
HydroSHEDS v2,0.5,0.1,3.981071705534973,5.011872336272724,1184,20990675
HydroSHEDS v2,0.5,0.1,5.011872336272724,6.309573444801933,3058,20990675
HydroSHEDS v2,0.5,0.1,6.309573444801933,7.943282347242816,7061,20990675
HydroSHEDS v2,0.5,0.1,7.943282347242816,10.0,15342,20990675
HydroSHEDS v2,0.5,0.1,10.0,12.589254117941675,53627,20990675
HydroSHEDS v2,0.5,0.1,12.589254117941675,15.848931924611142,84406,20990675
HydroSHEDS v2,0.5,0.1,15.848931924611142,19.952623149688797,159069,20990675
HydroSHEDS v2,0.5,0.1,19.952623149688797,25.11886431509581,221686,20990675
HydroSHEDS v2,0.5,0.1,25.11886431509581,31.622776601683793,338758,20990675
HydroSHEDS v2,0.5,0.1,31.622776601683793,39.810717055349734,467828,20990675
HydroSHEDS v2,0.5,0.1,39.810717055349734,50.11872336272725,658009,20990675
HydroSHEDS v2,0.5,0.1,50.11872336272725,63.09573444801933,902129,20990675
HydroSHEDS v2,0.5,0.1,63.09573444801933,79.43282347242817,1231530,20990675
HydroSHEDS v2,0.5,0.1,79.43282347242817,100.0,1651275,20990675
HydroSHEDS v2,0.5,0.1,100.0,125.89254117941675,2216223,20990675
HydroSHEDS v2,0.5,0.1,125.89254117941675,158.48931924611142,2929639,20990675
HydroSHEDS v2,0.5,0.1,158.48931924611142,199.52623149688807,3829983,20990675
HydroSHEDS v2,0.5,0.1,199.52623149688807,251.18864315095823,4973389,20990675
HydroSHEDS v2,0.5,0.1,251.18864315095823,316.22776601683796,6362823,20990675
HydroSHEDS v2,0.5,0.1,316.22776601683796,398.1071705534973,8003033,20990675
HydroSHEDS v2,0.5,0.1,398.1071705534973,501.18723362727246,9825951,20990675
HydroSHEDS v2,0.5,0.1,501.18723362727246,630.9573444801937,11756307,20990675
HydroSHEDS v2,0.5,0.1,630.9573444801937,794.3282347242822,13624825,20990675
HydroSHEDS v2,0.5,0.1,794.3282347242822,1000.0,15216675,20990675
HydroSHEDS v2,0.5,0.1,1000.0,1258.9254117941675,16346194,20990675
HydroSHEDS v2,0.5,0.1,1258.9254117941675,1584.893192461114,16884837,20990675
HydroSHEDS v2,0.5,0.1,1584.893192461114,1995.262314968881,16805968,20990675
HydroSHEDS v2,0.5,0.1,1995.262314968881,2511.886431509582,16163541,20990675
HydroSHEDS v2,0.5,0.1,2511.886431509582,3162.2776601683795,15047785,20990675
HydroSHEDS v2,0.5,0.1,3162.2776601683795,3981.0717055349733,13527107,20990675
HydroSHEDS v2,0.5,0.1,3981.0717055349733,5011.872336272725,11690985,20990675
HydroSHEDS v2,0.5,0.1,5011.872336272725,6309.573444801937,9621841,20990675
HydroSHEDS v2,0.5,0.1,6309.573444801937,7943.282347242822,7463794,20990675
HydroSHEDS v2,0.5,0.1,7943.282347242822,10000.0,5380468,20990675
HydroSHEDS v2,0.5,0.1,10000.0,12589.254117941688,3564143,20990675
HydroSHEDS v2,0.5,0.1,12589.254117941688,15848.93192461114,2137261,20990675
HydroSHEDS v2,0.5,0.1,15848.93192461114,19952.62314968879,1149779,20990675
HydroSHEDS v2,0.5,0.1,19952.62314968879,25118.864315095823,551509,20990675
HydroSHEDS v2,0.5,0.1,25118.864315095823,31622.776601683792,239475,20990675
HydroSHEDS v2,0.5,0.1,31622.776601683792,39810.71705534977,97600,20990675
HydroSHEDS v2,0.5,0.1,39810.71705534977,50118.72336272725,40637,20990675
HydroSHEDS v2,0.5,0.1,50118.72336272725,63095.73444801943,20294,20990675
HydroSHEDS v2,0.5,0.1,63095.73444801943,79432.82347242821,12104,20990675
HydroSHEDS v2,0.5,0.1,79432.82347242821,100000.0,8440,20990675
HydroSHEDS v2,0.5,0.1,100000.0,125892.54117941688,5067,20990675
HydroSHEDS v2,0.5,0.1,125892.54117941688,158489.3192461114,1084,20990675
HydroSHEDS v2,0.5,0.1,158489.3192461114,199526.2314968883,225,20990675
HydroSHEDS v2,0.5,0.1,199526.2314968883,251188.6431509582,70,20990675
HydroSHEDS v2,0.5,0.1,251188.6431509582,316227.7660168379,11,20990675
HydroSHEDS v2,0.5,0.1,316227.7660168379,398107.17055349774,1,20990675
HydroSHEDS v2,0.5,0.1,398107.17055349774,501187.2336272725,1,20990675
HydroSHEDS v2,0.5,0.1,501187.2336272725,630957.3444801943,0,20990675
HydroSHEDS v2,0.5,0.1,630957.3444801943,794328.2347242822,0,20990675
HydroSHEDS v2,0.5,0.1,794328.2347242822,1000000.0,0,20990675
HydroSHEDS v2,0.5,0.1,1000000.0,1258925.4117941686,0,20990675
HydroSHEDS v2,0.5,0.1,1258925.4117941686,1584893.1924611141,0,20990675
HydroSHEDS v2,0.5,0.1,1584893.1924611141,1995262.3149688828,0,20990675
HydroSHEDS v2,0.5,0.1,1995262.3149688828,2511886.4315095823,0,20990675
HydroSHEDS v2,0.5,0.1,2511886.4315095823,3162277.6601683795,0,20990675
HydroSHEDS v2,0.5,0.1,3162277.6601683795,3981071.7055349774,0,20990675
HydroSHEDS v2,0.5,0.1,3981071.7055349774,5011872.336272725,0,20990675
HydroSHEDS v2,0.5,0.1,5011872.336272725,6309573.444801942,0,20990675
HydroSHEDS v2,0.5,0.1,6309573.444801942,7943282.347242822,0,20990675
HydroSHEDS v2,0.5,0.1,7943282.347242822,10000000.0,0,20990675
HydroSHEDS v2,0.5,0.25,1.0,1.2589254117941673,0,20990675
HydroSHEDS v2,0.5,0.25,1.2589254117941673,1.5848931924611136,0,20990675
HydroSHEDS v2,0.5,0.25,1.5848931924611136,1.9952623149688797,0,20990675
HydroSHEDS v2,0.5,0.25,1.9952623149688797,2.51188643150958,0,20990675
HydroSHEDS v2,0.5,0.25,2.51188643150958,3.1622776601683795,0,20990675
HydroSHEDS v2,0.5,0.25,3.1622776601683795,3.981071705534973,0,20990675
HydroSHEDS v2,0.5,0.25,3.981071705534973,5.011872336272724,25,20990675
HydroSHEDS v2,0.5,0.25,5.011872336272724,6.309573444801933,52,20990675
HydroSHEDS v2,0.5,0.25,6.309573444801933,7.943282347242816,83,20990675
HydroSHEDS v2,0.5,0.25,7.943282347242816,10.0,237,20990675
HydroSHEDS v2,0.5,0.25,10.0,12.589254117941675,1184,20990675
HydroSHEDS v2,0.5,0.25,12.589254117941675,15.848931924611142,3045,20990675
HydroSHEDS v2,0.5,0.25,15.848931924611142,19.952623149688797,7036,20990675
HydroSHEDS v2,0.5,0.25,19.952623149688797,25.11886431509581,17143,20990675
HydroSHEDS v2,0.5,0.25,25.11886431509581,31.622776601683793,53494,20990675
HydroSHEDS v2,0.5,0.25,31.622776601683793,39.810717055349734,84003,20990675
HydroSHEDS v2,0.5,0.25,39.810717055349734,50.11872336272725,160223,20990675
HydroSHEDS v2,0.5,0.25,50.11872336272725,63.09573444801933,223619,20990675
HydroSHEDS v2,0.5,0.25,63.09573444801933,79.43282347242817,328722,20990675
HydroSHEDS v2,0.5,0.25,79.43282347242817,100.0,448981,20990675
HydroSHEDS v2,0.5,0.25,100.0,125.89254117941675,601072,20990675
HydroSHEDS v2,0.5,0.25,125.89254117941675,158.48931924611142,816274,20990675
HydroSHEDS v2,0.5,0.25,158.48931924611142,199.52623149688807,1074627,20990675
HydroSHEDS v2,0.5,0.25,199.52623149688807,251.18864315095823,1424782,20990675
HydroSHEDS v2,0.5,0.25,251.18864315095823,316.22776601683796,1897828,20990675
HydroSHEDS v2,0.5,0.25,316.22776601683796,398.1071705534973,2498070,20990675
HydroSHEDS v2,0.5,0.25,398.1071705534973,501.18723362727246,3265576,20990675
HydroSHEDS v2,0.5,0.25,501.18723362727246,630.9573444801937,4196341,20990675
HydroSHEDS v2,0.5,0.25,630.9573444801937,794.3282347242822,5333691,20990675
HydroSHEDS v2,0.5,0.25,794.3282347242822,1000.0,6631199,20990675
HydroSHEDS v2,0.5,0.25,1000.0,1258.9254117941675,8011630,20990675
HydroSHEDS v2,0.5,0.25,1258.9254117941675,1584.893192461114,9360893,20990675
HydroSHEDS v2,0.5,0.25,1584.893192461114,1995.262314968881,10486616,20990675
HydroSHEDS v2,0.5,0.25,1995.262314968881,2511.886431509582,11167535,20990675
HydroSHEDS v2,0.5,0.25,2511.886431509582,3162.2776601683795,11234594,20990675
HydroSHEDS v2,0.5,0.25,3162.2776601683795,3981.0717055349733,10592416,20990675
HydroSHEDS v2,0.5,0.25,3981.0717055349733,5011.872336272725,9308478,20990675
HydroSHEDS v2,0.5,0.25,5011.872336272725,6309.573444801937,7575383,20990675
HydroSHEDS v2,0.5,0.25,6309.573444801937,7943.282347242822,5659006,20990675
HydroSHEDS v2,0.5,0.25,7943.282347242822,10000.0,3858314,20990675
HydroSHEDS v2,0.5,0.25,10000.0,12589.254117941688,2372199,20990675
HydroSHEDS v2,0.5,0.25,12589.254117941688,15848.93192461114,1305835,20990675
HydroSHEDS v2,0.5,0.25,15848.93192461114,19952.62314968879,639027,20990675
HydroSHEDS v2,0.5,0.25,19952.62314968879,25118.864315095823,280203,20990675
HydroSHEDS v2,0.5,0.25,25118.864315095823,31622.776601683792,115638,20990675
HydroSHEDS v2,0.5,0.25,31622.776601683792,39810.71705534977,47745,20990675
HydroSHEDS v2,0.5,0.25,39810.71705534977,50118.72336272725,22927,20990675
HydroSHEDS v2,0.5,0.25,50118.72336272725,63095.73444801943,13117,20990675
HydroSHEDS v2,0.5,0.25,63095.73444801943,79432.82347242821,9095,20990675
HydroSHEDS v2,0.5,0.25,79432.82347242821,100000.0,5900,20990675
HydroSHEDS v2,0.5,0.25,100000.0,125892.54117941688,1460,20990675
HydroSHEDS v2,0.5,0.25,125892.54117941688,158489.3192461114,303,20990675
HydroSHEDS v2,0.5,0.25,158489.3192461114,199526.2314968883,80,20990675
HydroSHEDS v2,0.5,0.25,199526.2314968883,251188.6431509582,17,20990675
HydroSHEDS v2,0.5,0.25,251188.6431509582,316227.7660168379,2,20990675
HydroSHEDS v2,0.5,0.25,316227.7660168379,398107.17055349774,1,20990675
HydroSHEDS v2,0.5,0.25,398107.17055349774,501187.2336272725,0,20990675
HydroSHEDS v2,0.5,0.25,501187.2336272725,630957.3444801943,0,20990675
HydroSHEDS v2,0.5,0.25,630957.3444801943,794328.2347242822,0,20990675
HydroSHEDS v2,0.5,0.25,794328.2347242822,1000000.0,0,20990675
HydroSHEDS v2,0.5,0.25,1000000.0,1258925.4117941686,0,20990675
HydroSHEDS v2,0.5,0.25,1258925.4117941686,1584893.1924611141,0,20990675
HydroSHEDS v2,0.5,0.25,1584893.1924611141,1995262.3149688828,0,20990675
HydroSHEDS v2,0.5,0.25,1995262.3149688828,2511886.4315095823,0,20990675
HydroSHEDS v2,0.5,0.25,2511886.4315095823,3162277.6601683795,0,20990675
HydroSHEDS v2,0.5,0.25,3162277.6601683795,3981071.7055349774,0,20990675
HydroSHEDS v2,0.5,0.25,3981071.7055349774,5011872.336272725,0,20990675
HydroSHEDS v2,0.5,0.25,5011872.336272725,6309573.444801942,0,20990675
HydroSHEDS v2,0.5,0.25,6309573.444801942,7943282.347242822,0,20990675
HydroSHEDS v2,0.5,0.25,7943282.347242822,10000000.0,0,20990675
HydroSHEDS v2,0.5,0.4,1.0,1.2589254117941673,0,20990675
HydroSHEDS v2,0.5,0.4,1.2589254117941673,1.5848931924611136,0,20990675
HydroSHEDS v2,0.5,0.4,1.5848931924611136,1.9952623149688797,0,20990675
HydroSHEDS v2,0.5,0.4,1.9952623149688797,2.51188643150958,0,20990675
HydroSHEDS v2,0.5,0.4,2.51188643150958,3.1622776601683795,0,20990675
HydroSHEDS v2,0.5,0.4,3.1622776601683795,3.981071705534973,0,20990675
HydroSHEDS v2,0.5,0.4,3.981071705534973,5.011872336272724,0,20990675
HydroSHEDS v2,0.5,0.4,5.011872336272724,6.309573444801933,0,20990675
HydroSHEDS v2,0.5,0.4,6.309573444801933,7.943282347242816,13,20990675
HydroSHEDS v2,0.5,0.4,7.943282347242816,10.0,52,20990675
HydroSHEDS v2,0.5,0.4,10.0,12.589254117941675,70,20990675
HydroSHEDS v2,0.5,0.4,12.589254117941675,15.848931924611142,212,20990675
HydroSHEDS v2,0.5,0.4,15.848931924611142,19.952623149688797,1132,20990675
HydroSHEDS v2,0.5,0.4,19.952623149688797,25.11886431509581,2925,20990675
HydroSHEDS v2,0.5,0.4,25.11886431509581,31.622776601683793,6658,20990675
HydroSHEDS v2,0.5,0.4,31.622776601683793,39.810717055349734,13613,20990675
HydroSHEDS v2,0.5,0.4,39.810717055349734,50.11872336272725,49840,20990675
HydroSHEDS v2,0.5,0.4,50.11872336272725,63.09573444801933,76106,20990675
HydroSHEDS v2,0.5,0.4,63.09573444801933,79.43282347242817,140102,20990675
HydroSHEDS v2,0.5,0.4,79.43282347242817,100.0,164036,20990675
HydroSHEDS v2,0.5,0.4,100.0,125.89254117941675,240540,20990675
HydroSHEDS v2,0.5,0.4,125.89254117941675,158.48931924611142,299903,20990675
HydroSHEDS v2,0.5,0.4,158.48931924611142,199.52623149688807,397912,20990675
HydroSHEDS v2,0.5,0.4,199.52623149688807,251.18864315095823,539117,20990675
HydroSHEDS v2,0.5,0.4,251.18864315095823,316.22776601683796,730008,20990675
HydroSHEDS v2,0.5,0.4,316.22776601683796,398.1071705534973,953583,20990675
HydroSHEDS v2,0.5,0.4,398.1071705534973,501.18723362727246,1259900,20990675
HydroSHEDS v2,0.5,0.4,501.18723362727246,630.9573444801937,1657264,20990675
HydroSHEDS v2,0.5,0.4,630.9573444801937,794.3282347242822,2152193,20990675
HydroSHEDS v2,0.5,0.4,794.3282347242822,1000.0,2741461,20990675
HydroSHEDS v2,0.5,0.4,1000.0,1258.9254117941675,3419191,20990675
HydroSHEDS v2,0.5,0.4,1258.9254117941675,1584.893192461114,4157106,20990675
HydroSHEDS v2,0.5,0.4,1584.893192461114,1995.262314968881,4886896,20990675
HydroSHEDS v2,0.5,0.4,1995.262314968881,2511.886431509582,5483745,20990675
HydroSHEDS v2,0.5,0.4,2511.886431509582,3162.2776601683795,5823226,20990675
HydroSHEDS v2,0.5,0.4,3162.2776601683795,3981.0717055349733,5754627,20990675
HydroSHEDS v2,0.5,0.4,3981.0717055349733,5011.872336272725,5225700,20990675
HydroSHEDS v2,0.5,0.4,5011.872336272725,6309.573444801937,4298611,20990675
HydroSHEDS v2,0.5,0.4,6309.573444801937,7943.282347242822,3176822,20990675
HydroSHEDS v2,0.5,0.4,7943.282347242822,10000.0,2078891,20990675
HydroSHEDS v2,0.5,0.4,10000.0,12589.254117941688,1197133,20990675
HydroSHEDS v2,0.5,0.4,12589.254117941688,15848.93192461114,603139,20990675
HydroSHEDS v2,0.5,0.4,15848.93192461114,19952.62314968879,267163,20990675
HydroSHEDS v2,0.5,0.4,19952.62314968879,25118.864315095823,106382,20990675
HydroSHEDS v2,0.5,0.4,25118.864315095823,31622.776601683792,39510,20990675
HydroSHEDS v2,0.5,0.4,31622.776601683792,39810.71705534977,16648,20990675
HydroSHEDS v2,0.5,0.4,39810.71705534977,50118.72336272725,10652,20990675
HydroSHEDS v2,0.5,0.4,50118.72336272725,63095.73444801943,8606,20990675
HydroSHEDS v2,0.5,0.4,63095.73444801943,79432.82347242821,5915,20990675
HydroSHEDS v2,0.5,0.4,79432.82347242821,100000.0,1494,20990675
HydroSHEDS v2,0.5,0.4,100000.0,125892.54117941688,314,20990675
HydroSHEDS v2,0.5,0.4,125892.54117941688,158489.3192461114,81,20990675
HydroSHEDS v2,0.5,0.4,158489.3192461114,199526.2314968883,18,20990675
HydroSHEDS v2,0.5,0.4,199526.2314968883,251188.6431509582,2,20990675
HydroSHEDS v2,0.5,0.4,251188.6431509582,316227.7660168379,1,20990675
HydroSHEDS v2,0.5,0.4,316227.7660168379,398107.17055349774,0,20990675
HydroSHEDS v2,0.5,0.4,398107.17055349774,501187.2336272725,0,20990675
HydroSHEDS v2,0.5,0.4,501187.2336272725,630957.3444801943,0,20990675
HydroSHEDS v2,0.5,0.4,630957.3444801943,794328.2347242822,0,20990675
HydroSHEDS v2,0.5,0.4,794328.2347242822,1000000.0,0,20990675
HydroSHEDS v2,0.5,0.4,1000000.0,1258925.4117941686,0,20990675
HydroSHEDS v2,0.5,0.4,1258925.4117941686,1584893.1924611141,0,20990675
HydroSHEDS v2,0.5,0.4,1584893.1924611141,1995262.3149688828,0,20990675
HydroSHEDS v2,0.5,0.4,1995262.3149688828,2511886.4315095823,0,20990675
HydroSHEDS v2,0.5,0.4,2511886.4315095823,3162277.6601683795,0,20990675
HydroSHEDS v2,0.5,0.4,3162277.6601683795,3981071.7055349774,0,20990675
HydroSHEDS v2,0.5,0.4,3981071.7055349774,5011872.336272725,0,20990675
HydroSHEDS v2,0.5,0.4,5011872.336272725,6309573.444801942,0,20990675
HydroSHEDS v2,0.5,0.4,6309573.444801942,7943282.347242822,0,20990675
HydroSHEDS v2,0.5,0.4,7943282.347242822,10000000.0,0,20990675
HydroSHEDS v2,1.0,0.1,1.0,1.2589254117941673,52,20990675
HydroSHEDS v2,1.0,0.1,1.2589254117941673,1.5848931924611136,83,20990675
HydroSHEDS v2,1.0,0.1,1.5848931924611136,1.9952623149688797,237,20990675
HydroSHEDS v2,1.0,0.1,1.9952623149688797,2.51188643150958,1184,20990675
HydroSHEDS v2,1.0,0.1,2.51188643150958,3.1622776601683795,3058,20990675
HydroSHEDS v2,1.0,0.1,3.1622776601683795,3.981071705534973,7061,20990675
HydroSHEDS v2,1.0,0.1,3.981071705534973,5.011872336272724,17195,20990675
HydroSHEDS v2,1.0,0.1,5.011872336272724,6.309573444801933,53627,20990675
HydroSHEDS v2,1.0,0.1,6.309573444801933,7.943282347242816,84406,20990675
HydroSHEDS v2,1.0,0.1,7.943282347242816,10.0,159069,20990675
HydroSHEDS v2,1.0,0.1,10.0,12.589254117941675,221686,20990675
HydroSHEDS v2,1.0,0.1,12.589254117941675,15.848931924611142,338758,20990675
HydroSHEDS v2,1.0,0.1,15.848931924611142,19.952623149688797,467828,20990675
HydroSHEDS v2,1.0,0.1,19.952623149688797,25.11886431509581,658009,20990675
HydroSHEDS v2,1.0,0.1,25.11886431509581,31.622776601683793,909200,20990675
HydroSHEDS v2,1.0,0.1,31.622776601683793,39.810717055349734,1238025,20990675
HydroSHEDS v2,1.0,0.1,39.810717055349734,50.11872336272725,1659131,20990675
HydroSHEDS v2,1.0,0.1,50.11872336272725,63.09573444801933,2225571,20990675
HydroSHEDS v2,1.0,0.1,63.09573444801933,79.43282347242817,2936175,20990675
HydroSHEDS v2,1.0,0.1,79.43282347242817,100.0,3839498,20990675
HydroSHEDS v2,1.0,0.1,100.0,125.89254117941675,4992454,20990675
HydroSHEDS v2,1.0,0.1,125.89254117941675,158.48931924611142,6380867,20990675
HydroSHEDS v2,1.0,0.1,158.48931924611142,199.52623149688807,8014131,20990675
HydroSHEDS v2,1.0,0.1,199.52623149688807,251.18864315095823,9847754,20990675
HydroSHEDS v2,1.0,0.1,251.18864315095823,316.22776601683796,11780352,20990675
HydroSHEDS v2,1.0,0.1,316.22776601683796,398.1071705534973,13647622,20990675
HydroSHEDS v2,1.0,0.1,398.1071705534973,501.18723362727246,15227347,20990675
HydroSHEDS v2,1.0,0.1,501.18723362727246,630.9573444801937,16351641,20990675
HydroSHEDS v2,1.0,0.1,630.9573444801937,794.3282347242822,16884458,20990675
HydroSHEDS v2,1.0,0.1,794.3282347242822,1000.0,16802034,20990675
HydroSHEDS v2,1.0,0.1,1000.0,1258.9254117941675,16156541,20990675
HydroSHEDS v2,1.0,0.1,1258.9254117941675,1584.893192461114,15030833,20990675
HydroSHEDS v2,1.0,0.1,1584.893192461114,1995.262314968881,13510320,20990675
HydroSHEDS v2,1.0,0.1,1995.262314968881,2511.886431509582,11667800,20990675
HydroSHEDS v2,1.0,0.1,2511.886431509582,3162.2776601683795,9601713,20990675
HydroSHEDS v2,1.0,0.1,3162.2776601683795,3981.0717055349733,7442407,20990675
HydroSHEDS v2,1.0,0.1,3981.0717055349733,5011.872336272725,5360861,20990675
HydroSHEDS v2,1.0,0.1,5011.872336272725,6309.573444801937,3546395,20990675
HydroSHEDS v2,1.0,0.1,6309.573444801937,7943.282347242822,2125239,20990675
HydroSHEDS v2,1.0,0.1,7943.282347242822,10000.0,1142207,20990675
HydroSHEDS v2,1.0,0.1,10000.0,12589.254117941688,547108,20990675
HydroSHEDS v2,1.0,0.1,12589.254117941688,15848.93192461114,237183,20990675
HydroSHEDS v2,1.0,0.1,15848.93192461114,19952.62314968879,96687,20990675
HydroSHEDS v2,1.0,0.1,19952.62314968879,25118.864315095823,40297,20990675
HydroSHEDS v2,1.0,0.1,25118.864315095823,31622.776601683792,20163,20990675
HydroSHEDS v2,1.0,0.1,31622.776601683792,39810.71705534977,12060,20990675
HydroSHEDS v2,1.0,0.1,39810.71705534977,50118.72336272725,8404,20990675
HydroSHEDS v2,1.0,0.1,50118.72336272725,63095.73444801943,5024,20990675
HydroSHEDS v2,1.0,0.1,63095.73444801943,79432.82347242821,1077,20990675
HydroSHEDS v2,1.0,0.1,79432.82347242821,100000.0,222,20990675
HydroSHEDS v2,1.0,0.1,100000.0,125892.54117941688,70,20990675
HydroSHEDS v2,1.0,0.1,125892.54117941688,158489.3192461114,11,20990675
HydroSHEDS v2,1.0,0.1,158489.3192461114,199526.2314968883,1,20990675
HydroSHEDS v2,1.0,0.1,199526.2314968883,251188.6431509582,1,20990675
HydroSHEDS v2,1.0,0.1,251188.6431509582,316227.7660168379,0,20990675
HydroSHEDS v2,1.0,0.1,316227.7660168379,398107.17055349774,0,20990675
HydroSHEDS v2,1.0,0.1,398107.17055349774,501187.2336272725,0,20990675
HydroSHEDS v2,1.0,0.1,501187.2336272725,630957.3444801943,0,20990675
HydroSHEDS v2,1.0,0.1,630957.3444801943,794328.2347242822,0,20990675
HydroSHEDS v2,1.0,0.1,794328.2347242822,1000000.0,0,20990675
HydroSHEDS v2,1.0,0.1,1000000.0,1258925.4117941686,0,20990675
HydroSHEDS v2,1.0,0.1,1258925.4117941686,1584893.1924611141,0,20990675
HydroSHEDS v2,1.0,0.1,1584893.1924611141,1995262.3149688828,0,20990675
HydroSHEDS v2,1.0,0.1,1995262.3149688828,2511886.4315095823,0,20990675
HydroSHEDS v2,1.0,0.1,2511886.4315095823,3162277.6601683795,0,20990675
HydroSHEDS v2,1.0,0.1,3162277.6601683795,3981071.7055349774,0,20990675
HydroSHEDS v2,1.0,0.1,3981071.7055349774,5011872.336272725,0,20990675
HydroSHEDS v2,1.0,0.1,5011872.336272725,6309573.444801942,0,20990675
HydroSHEDS v2,1.0,0.1,6309573.444801942,7943282.347242822,0,20990675
HydroSHEDS v2,1.0,0.1,7943282.347242822,10000000.0,0,20990675
HydroSHEDS v2,1.0,0.25,1.0,1.2589254117941673,0,20990675
HydroSHEDS v2,1.0,0.25,1.2589254117941673,1.5848931924611136,0,20990675
HydroSHEDS v2,1.0,0.25,1.5848931924611136,1.9952623149688797,0,20990675
HydroSHEDS v2,1.0,0.25,1.9952623149688797,2.51188643150958,25,20990675
HydroSHEDS v2,1.0,0.25,2.51188643150958,3.1622776601683795,52,20990675
HydroSHEDS v2,1.0,0.25,3.1622776601683795,3.981071705534973,83,20990675
HydroSHEDS v2,1.0,0.25,3.981071705534973,5.011872336272724,403,20990675
HydroSHEDS v2,1.0,0.25,5.011872336272724,6.309573444801933,1184,20990675
HydroSHEDS v2,1.0,0.25,6.309573444801933,7.943282347242816,3045,20990675
HydroSHEDS v2,1.0,0.25,7.943282347242816,10.0,7036,20990675
HydroSHEDS v2,1.0,0.25,10.0,12.589254117941675,17143,20990675
HydroSHEDS v2,1.0,0.25,12.589254117941675,15.848931924611142,53494,20990675
HydroSHEDS v2,1.0,0.25,15.848931924611142,19.952623149688797,84003,20990675
HydroSHEDS v2,1.0,0.25,19.952623149688797,25.11886431509581,160223,20990675
HydroSHEDS v2,1.0,0.25,25.11886431509581,31.622776601683793,223619,20990675
HydroSHEDS v2,1.0,0.25,31.622776601683793,39.810717055349734,328722,20990675
HydroSHEDS v2,1.0,0.25,39.810717055349734,50.11872336272725,454357,20990675
HydroSHEDS v2,1.0,0.25,50.11872336272725,63.09573444801933,608234,20990675
HydroSHEDS v2,1.0,0.25,63.09573444801933,79.43282347242817,810564,20990675
HydroSHEDS v2,1.0,0.25,79.43282347242817,100.0,1074627,20990675
HydroSHEDS v2,1.0,0.25,100.0,125.89254117941675,1424782,20990675
HydroSHEDS v2,1.0,0.25,125.89254117941675,158.48931924611142,1897828,20990675
HydroSHEDS v2,1.0,0.25,158.48931924611142,199.52623149688807,2506913,20990675
HydroSHEDS v2,1.0,0.25,199.52623149688807,251.18864315095823,3267023,20990675
HydroSHEDS v2,1.0,0.25,251.18864315095823,316.22776601683796,4213670,20990675
HydroSHEDS v2,1.0,0.25,316.22776601683796,398.1071705534973,5351443,20990675
HydroSHEDS v2,1.0,0.25,398.1071705534973,501.18723362727246,6647638,20990675
HydroSHEDS v2,1.0,0.25,501.18723362727246,630.9573444801937,8025585,20990675
HydroSHEDS v2,1.0,0.25,630.9573444801937,794.3282347242822,9375187,20990675
HydroSHEDS v2,1.0,0.25,794.3282347242822,1000.0,10495236,20990675
HydroSHEDS v2,1.0,0.25,1000.0,1258.9254117941675,11177056,20990675
HydroSHEDS v2,1.0,0.25,1258.9254117941675,1584.893192461114,11230463,20990675
HydroSHEDS v2,1.0,0.25,1584.893192461114,1995.262314968881,10586114,20990675
HydroSHEDS v2,1.0,0.25,1995.262314968881,2511.886431509582,9293685,20990675
HydroSHEDS v2,1.0,0.25,2511.886431509582,3162.2776601683795,7556047,20990675
HydroSHEDS v2,1.0,0.25,3162.2776601683795,3981.0717055349733,5639554,20990675
HydroSHEDS v2,1.0,0.25,3981.0717055349733,5011.872336272725,3839039,20990675
HydroSHEDS v2,1.0,0.25,5011.872336272725,6309.573444801937,2358921,20990675
HydroSHEDS v2,1.0,0.25,6309.573444801937,7943.282347242822,1297010,20990675
HydroSHEDS v2,1.0,0.25,7943.282347242822,10000.0,633782,20990675
HydroSHEDS v2,1.0,0.25,10000.0,12589.254117941688,277686,20990675
HydroSHEDS v2,1.0,0.25,12589.254117941688,15848.93192461114,114619,20990675
HydroSHEDS v2,1.0,0.25,15848.93192461114,19952.62314968879,47336,20990675
HydroSHEDS v2,1.0,0.25,19952.62314968879,25118.864315095823,22802,20990675
HydroSHEDS v2,1.0,0.25,25118.864315095823,31622.776601683792,13058,20990675
HydroSHEDS v2,1.0,0.25,31622.776601683792,39810.71705534977,9063,20990675
HydroSHEDS v2,1.0,0.25,39810.71705534977,50118.72336272725,5868,20990675
HydroSHEDS v2,1.0,0.25,50118.72336272725,63095.73444801943,1437,20990675
HydroSHEDS v2,1.0,0.25,63095.73444801943,79432.82347242821,299,20990675
HydroSHEDS v2,1.0,0.25,79432.82347242821,100000.0,80,20990675
HydroSHEDS v2,1.0,0.25,100000.0,125892.54117941688,16,20990675
HydroSHEDS v2,1.0,0.25,125892.54117941688,158489.3192461114,2,20990675
HydroSHEDS v2,1.0,0.25,158489.3192461114,199526.2314968883,1,20990675
HydroSHEDS v2,1.0,0.25,199526.2314968883,251188.6431509582,0,20990675
HydroSHEDS v2,1.0,0.25,251188.6431509582,316227.7660168379,0,20990675
HydroSHEDS v2,1.0,0.25,316227.7660168379,398107.17055349774,0,20990675
HydroSHEDS v2,1.0,0.25,398107.17055349774,501187.2336272725,0,20990675
HydroSHEDS v2,1.0,0.25,501187.2336272725,630957.3444801943,0,20990675
HydroSHEDS v2,1.0,0.25,630957.3444801943,794328.2347242822,0,20990675
HydroSHEDS v2,1.0,0.25,794328.2347242822,1000000.0,0,20990675
HydroSHEDS v2,1.0,0.25,1000000.0,1258925.4117941686,0,20990675
HydroSHEDS v2,1.0,0.25,1258925.4117941686,1584893.1924611141,0,20990675
HydroSHEDS v2,1.0,0.25,1584893.1924611141,1995262.3149688828,0,20990675
HydroSHEDS v2,1.0,0.25,1995262.3149688828,2511886.4315095823,0,20990675
HydroSHEDS v2,1.0,0.25,2511886.4315095823,3162277.6601683795,0,20990675
HydroSHEDS v2,1.0,0.25,3162277.6601683795,3981071.7055349774,0,20990675
HydroSHEDS v2,1.0,0.25,3981071.7055349774,5011872.336272725,0,20990675
HydroSHEDS v2,1.0,0.25,5011872.336272725,6309573.444801942,0,20990675
HydroSHEDS v2,1.0,0.25,6309573.444801942,7943282.347242822,0,20990675
HydroSHEDS v2,1.0,0.25,7943282.347242822,10000000.0,0,20990675
HydroSHEDS v2,1.0,0.4,1.0,1.2589254117941673,0,20990675
HydroSHEDS v2,1.0,0.4,1.2589254117941673,1.5848931924611136,0,20990675
HydroSHEDS v2,1.0,0.4,1.5848931924611136,1.9952623149688797,0,20990675
HydroSHEDS v2,1.0,0.4,1.9952623149688797,2.51188643150958,0,20990675
HydroSHEDS v2,1.0,0.4,2.51188643150958,3.1622776601683795,0,20990675
HydroSHEDS v2,1.0,0.4,3.1622776601683795,3.981071705534973,13,20990675
HydroSHEDS v2,1.0,0.4,3.981071705534973,5.011872336272724,52,20990675
HydroSHEDS v2,1.0,0.4,5.011872336272724,6.309573444801933,70,20990675
HydroSHEDS v2,1.0,0.4,6.309573444801933,7.943282347242816,212,20990675
HydroSHEDS v2,1.0,0.4,7.943282347242816,10.0,1132,20990675
HydroSHEDS v2,1.0,0.4,10.0,12.589254117941675,2925,20990675
HydroSHEDS v2,1.0,0.4,12.589254117941675,15.848931924611142,6658,20990675
HydroSHEDS v2,1.0,0.4,15.848931924611142,19.952623149688797,13613,20990675
HydroSHEDS v2,1.0,0.4,19.952623149688797,25.11886431509581,49840,20990675
HydroSHEDS v2,1.0,0.4,25.11886431509581,31.622776601683793,76106,20990675
HydroSHEDS v2,1.0,0.4,31.622776601683793,39.810717055349734,140102,20990675
HydroSHEDS v2,1.0,0.4,39.810717055349734,50.11872336272725,164036,20990675
HydroSHEDS v2,1.0,0.4,50.11872336272725,63.09573444801933,240540,20990675
HydroSHEDS v2,1.0,0.4,63.09573444801933,79.43282347242817,299903,20990675
HydroSHEDS v2,1.0,0.4,79.43282347242817,100.0,397912,20990675
HydroSHEDS v2,1.0,0.4,100.0,125.89254117941675,546414,20990675
HydroSHEDS v2,1.0,0.4,125.89254117941675,158.48931924611142,736865,20990675
HydroSHEDS v2,1.0,0.4,158.48931924611142,199.52623149688807,954759,20990675
HydroSHEDS v2,1.0,0.4,199.52623149688807,251.18864315095823,1251148,20990675
HydroSHEDS v2,1.0,0.4,251.18864315095823,316.22776601683796,1656984,20990675
HydroSHEDS v2,1.0,0.4,316.22776601683796,398.1071705534973,2153089,20990675
HydroSHEDS v2,1.0,0.4,398.1071705534973,501.18723362727246,2750309,20990675
HydroSHEDS v2,1.0,0.4,501.18723362727246,630.9573444801937,3427720,20990675
HydroSHEDS v2,1.0,0.4,630.9573444801937,794.3282347242822,4164029,20990675
HydroSHEDS v2,1.0,0.4,794.3282347242822,1000.0,4892235,20990675
HydroSHEDS v2,1.0,0.4,1000.0,1258.9254117941675,5490403,20990675
HydroSHEDS v2,1.0,0.4,1258.9254117941675,1584.893192461114,5822259,20990675
HydroSHEDS v2,1.0,0.4,1584.893192461114,1995.262314968881,5753026,20990675
HydroSHEDS v2,1.0,0.4,1995.262314968881,2511.886431509582,5216504,20990675
HydroSHEDS v2,1.0,0.4,2511.886431509582,3162.2776601683795,4286874,20990675
HydroSHEDS v2,1.0,0.4,3162.2776601683795,3981.0717055349733,3162953,20990675
HydroSHEDS v2,1.0,0.4,3981.0717055349733,5011.872336272725,2068051,20990675
HydroSHEDS v2,1.0,0.4,5011.872336272725,6309.573444801937,1189325,20990675
HydroSHEDS v2,1.0,0.4,6309.573444801937,7943.282347242822,598817,20990675
HydroSHEDS v2,1.0,0.4,7943.282347242822,10000.0,264746,20990675
HydroSHEDS v2,1.0,0.4,10000.0,12589.254117941688,105295,20990675
HydroSHEDS v2,1.0,0.4,12589.254117941688,15848.93192461114,39081,20990675
HydroSHEDS v2,1.0,0.4,15848.93192461114,19952.62314968879,16538,20990675
HydroSHEDS v2,1.0,0.4,19952.62314968879,25118.864315095823,10708,20990675
HydroSHEDS v2,1.0,0.4,25118.864315095823,31622.776601683792,8585,20990675
HydroSHEDS v2,1.0,0.4,31622.776601683792,39810.71705534977,5874,20990675
HydroSHEDS v2,1.0,0.4,39810.71705534977,50118.72336272725,1472,20990675
HydroSHEDS v2,1.0,0.4,50118.72336272725,63095.73444801943,307,20990675
HydroSHEDS v2,1.0,0.4,63095.73444801943,79432.82347242821,81,20990675
HydroSHEDS v2,1.0,0.4,79432.82347242821,100000.0,18,20990675
HydroSHEDS v2,1.0,0.4,100000.0,125892.54117941688,2,20990675
HydroSHEDS v2,1.0,0.4,125892.54117941688,158489.3192461114,1,20990675
HydroSHEDS v2,1.0,0.4,158489.3192461114,199526.2314968883,0,20990675
HydroSHEDS v2,1.0,0.4,199526.2314968883,251188.6431509582,0,20990675
HydroSHEDS v2,1.0,0.4,251188.6431509582,316227.7660168379,0,20990675
HydroSHEDS v2,1.0,0.4,316227.7660168379,398107.17055349774,0,20990675
HydroSHEDS v2,1.0,0.4,398107.17055349774,501187.2336272725,0,20990675
HydroSHEDS v2,1.0,0.4,501187.2336272725,630957.3444801943,0,20990675
HydroSHEDS v2,1.0,0.4,630957.3444801943,794328.2347242822,0,20990675
HydroSHEDS v2,1.0,0.4,794328.2347242822,1000000.0,0,20990675
HydroSHEDS v2,1.0,0.4,1000000.0,1258925.4117941686,0,20990675
HydroSHEDS v2,1.0,0.4,1258925.4117941686,1584893.1924611141,0,20990675
HydroSHEDS v2,1.0,0.4,1584893.1924611141,1995262.3149688828,0,20990675
HydroSHEDS v2,1.0,0.4,1995262.3149688828,2511886.4315095823,0,20990675
HydroSHEDS v2,1.0,0.4,2511886.4315095823,3162277.6601683795,0,20990675
HydroSHEDS v2,1.0,0.4,3162277.6601683795,3981071.7055349774,0,20990675
HydroSHEDS v2,1.0,0.4,3981071.7055349774,5011872.336272725,0,20990675
HydroSHEDS v2,1.0,0.4,5011872.336272725,6309573.444801942,0,20990675
HydroSHEDS v2,1.0,0.4,6309573.444801942,7943282.347242822,0,20990675
HydroSHEDS v2,1.0,0.4,7943282.347242822,10000000.0,0,20990675
HydroSHEDS v2,1.5,0.1,1.0,1.2589254117941673,237,20990675
HydroSHEDS v2,1.5,0.1,1.2589254117941673,1.5848931924611136,738,20990675
HydroSHEDS v2,1.5,0.1,1.5848931924611136,1.9952623149688797,2318,20990675
HydroSHEDS v2,1.5,0.1,1.9952623149688797,2.51188643150958,5878,20990675
HydroSHEDS v2,1.5,0.1,2.51188643150958,3.1622776601683795,13691,20990675
HydroSHEDS v2,1.5,0.1,3.1622776601683795,3.981071705534973,25196,20990675
HydroSHEDS v2,1.5,0.1,3.981071705534973,5.011872336272724,73402,20990675
HydroSHEDS v2,1.5,0.1,5.011872336272724,6.309573444801933,155639,20990675
HydroSHEDS v2,1.5,0.1,6.309573444801933,7.943282347242816,195753,20990675
HydroSHEDS v2,1.5,0.1,7.943282347242816,10.0,304471,20990675
HydroSHEDS v2,1.5,0.1,10.0,12.589254117941675,434853,20990675
HydroSHEDS v2,1.5,0.1,12.589254117941675,15.848931924611142,608694,20990675
HydroSHEDS v2,1.5,0.1,15.848931924611142,19.952623149688797,841764,20990675
HydroSHEDS v2,1.5,0.1,19.952623149688797,25.11886431509581,1147591,20990675
HydroSHEDS v2,1.5,0.1,25.11886431509581,31.622776601683793,1552074,20990675
HydroSHEDS v2,1.5,0.1,31.622776601683793,39.810717055349734,2074021,20990675
HydroSHEDS v2,1.5,0.1,39.810717055349734,50.11872336272725,2739773,20990675
HydroSHEDS v2,1.5,0.1,50.11872336272725,63.09573444801933,3616486,20990675
HydroSHEDS v2,1.5,0.1,63.09573444801933,79.43282347242817,4686753,20990675
HydroSHEDS v2,1.5,0.1,79.43282347242817,100.0,6010495,20990675
HydroSHEDS v2,1.5,0.1,100.0,125.89254117941675,7608442,20990675
HydroSHEDS v2,1.5,0.1,125.89254117941675,158.48931924611142,9408941,20990675
HydroSHEDS v2,1.5,0.1,158.48931924611142,199.52623149688807,11321184,20990675
HydroSHEDS v2,1.5,0.1,199.52623149688807,251.18864315095823,13209899,20990675
HydroSHEDS v2,1.5,0.1,251.18864315095823,316.22776601683796,14884261,20990675
HydroSHEDS v2,1.5,0.1,316.22776601683796,398.1071705534973,16133390,20990675
HydroSHEDS v2,1.5,0.1,398.1071705534973,501.18723362727246,16816181,20990675
HydroSHEDS v2,1.5,0.1,501.18723362727246,630.9573444801937,16879227,20990675
HydroSHEDS v2,1.5,0.1,630.9573444801937,794.3282347242822,16360997,20990675
HydroSHEDS v2,1.5,0.1,794.3282347242822,1000.0,15343625,20990675
HydroSHEDS v2,1.5,0.1,1000.0,1258.9254117941675,13905086,20990675
HydroSHEDS v2,1.5,0.1,1258.9254117941675,1584.893192461114,12129396,20990675
HydroSHEDS v2,1.5,0.1,1584.893192461114,1995.262314968881,10111200,20990675
HydroSHEDS v2,1.5,0.1,1995.262314968881,2511.886431509582,7958525,20990675
HydroSHEDS v2,1.5,0.1,2511.886431509582,3162.2776601683795,5838948,20990675
HydroSHEDS v2,1.5,0.1,3162.2776601683795,3981.0717055349733,3947769,20990675
HydroSHEDS v2,1.5,0.1,3981.0717055349733,5011.872336272725,2425316,20990675
HydroSHEDS v2,1.5,0.1,5011.872336272725,6309.573444801937,1338525,20990675
HydroSHEDS v2,1.5,0.1,6309.573444801937,7943.282347242822,659171,20990675
HydroSHEDS v2,1.5,0.1,7943.282347242822,10000.0,292075,20990675
HydroSHEDS v2,1.5,0.1,10000.0,12589.254117941688,120202,20990675
HydroSHEDS v2,1.5,0.1,12589.254117941688,15848.93192461114,49098,20990675
HydroSHEDS v2,1.5,0.1,15848.93192461114,19952.62314968879,23326,20990675
HydroSHEDS v2,1.5,0.1,19952.62314968879,25118.864315095823,13263,20990675
HydroSHEDS v2,1.5,0.1,25118.864315095823,31622.776601683792,9158,20990675
HydroSHEDS v2,1.5,0.1,31622.776601683792,39810.71705534977,5982,20990675
HydroSHEDS v2,1.5,0.1,39810.71705534977,50118.72336272725,1506,20990675
HydroSHEDS v2,1.5,0.1,50118.72336272725,63095.73444801943,309,20990675
HydroSHEDS v2,1.5,0.1,63095.73444801943,79432.82347242821,82,20990675
HydroSHEDS v2,1.5,0.1,79432.82347242821,100000.0,19,20990675
HydroSHEDS v2,1.5,0.1,100000.0,125892.54117941688,2,20990675
HydroSHEDS v2,1.5,0.1,125892.54117941688,158489.3192461114,1,20990675
HydroSHEDS v2,1.5,0.1,158489.3192461114,199526.2314968883,0,20990675
HydroSHEDS v2,1.5,0.1,199526.2314968883,251188.6431509582,0,20990675
HydroSHEDS v2,1.5,0.1,251188.6431509582,316227.7660168379,0,20990675
HydroSHEDS v2,1.5,0.1,316227.7660168379,398107.17055349774,0,20990675
HydroSHEDS v2,1.5,0.1,398107.17055349774,501187.2336272725,0,20990675
HydroSHEDS v2,1.5,0.1,501187.2336272725,630957.3444801943,0,20990675
HydroSHEDS v2,1.5,0.1,630957.3444801943,794328.2347242822,0,20990675
HydroSHEDS v2,1.5,0.1,794328.2347242822,1000000.0,0,20990675
HydroSHEDS v2,1.5,0.1,1000000.0,1258925.4117941686,0,20990675
HydroSHEDS v2,1.5,0.1,1258925.4117941686,1584893.1924611141,0,20990675
HydroSHEDS v2,1.5,0.1,1584893.1924611141,1995262.3149688828,0,20990675
HydroSHEDS v2,1.5,0.1,1995262.3149688828,2511886.4315095823,0,20990675
HydroSHEDS v2,1.5,0.1,2511886.4315095823,3162277.6601683795,0,20990675
HydroSHEDS v2,1.5,0.1,3162277.6601683795,3981071.7055349774,0,20990675
HydroSHEDS v2,1.5,0.1,3981071.7055349774,5011872.336272725,0,20990675
HydroSHEDS v2,1.5,0.1,5011872.336272725,6309573.444801942,0,20990675
HydroSHEDS v2,1.5,0.1,6309573.444801942,7943282.347242822,0,20990675
HydroSHEDS v2,1.5,0.1,7943282.347242822,10000000.0,0,20990675
HydroSHEDS v2,1.5,0.25,1.0,1.2589254117941673,0,20990675
HydroSHEDS v2,1.5,0.25,1.2589254117941673,1.5848931924611136,13,20990675
HydroSHEDS v2,1.5,0.25,1.5848931924611136,1.9952623149688797,25,20990675
HydroSHEDS v2,1.5,0.25,1.9952623149688797,2.51188643150958,83,20990675
HydroSHEDS v2,1.5,0.25,2.51188643150958,3.1622776601683795,237,20990675
HydroSHEDS v2,1.5,0.25,3.1622776601683795,3.981071705534973,738,20990675
HydroSHEDS v2,1.5,0.25,3.981071705534973,5.011872336272724,3058,20990675
HydroSHEDS v2,1.5,0.25,5.011872336272724,6.309573444801933,5853,20990675
HydroSHEDS v2,1.5,0.25,6.309573444801933,7.943282347242816,13639,20990675
HydroSHEDS v2,1.5,0.25,7.943282347242816,10.0,25113,20990675
HydroSHEDS v2,1.5,0.25,10.0,12.589254117941675,73165,20990675
HydroSHEDS v2,1.5,0.25,12.589254117941675,15.848931924611142,154468,20990675
HydroSHEDS v2,1.5,0.25,15.848931924611142,19.952623149688797,192720,20990675
HydroSHEDS v2,1.5,0.25,19.952623149688797,25.11886431509581,301345,20990675
HydroSHEDS v2,1.5,0.25,25.11886431509581,31.622776601683793,417791,20990675
HydroSHEDS v2,1.5,0.25,31.622776601683793,39.810717055349734,562050,20990675
HydroSHEDS v2,1.5,0.25,39.810717055349734,50.11872336272725,767119,20990675
HydroSHEDS v2,1.5,0.25,50.11872336272725,63.09573444801933,996586,20990675
HydroSHEDS v2,1.5,0.25,63.09573444801933,79.43282347242817,1342772,20990675
HydroSHEDS v2,1.5,0.25,79.43282347242817,100.0,1763381,20990675
HydroSHEDS v2,1.5,0.25,100.0,125.89254117941675,2347451,20990675
HydroSHEDS v2,1.5,0.25,125.89254117941675,158.48931924611142,3071359,20990675
HydroSHEDS v2,1.5,0.25,158.48931924611142,199.52623149688807,3971831,20990675
HydroSHEDS v2,1.5,0.25,199.52623149688807,251.18864315095823,5059100,20990675
HydroSHEDS v2,1.5,0.25,251.18864315095823,316.22776601683796,6319317,20990675
HydroSHEDS v2,1.5,0.25,316.22776601683796,398.1071705534973,7697518,20990675
HydroSHEDS v2,1.5,0.25,398.1071705534973,501.18723362727246,9064434,20990675
HydroSHEDS v2,1.5,0.25,501.18723362727246,630.9573444801937,10256580,20990675
HydroSHEDS v2,1.5,0.25,630.9573444801937,794.3282347242822,11066570,20990675
HydroSHEDS v2,1.5,0.25,794.3282347242822,1000.0,11279912,20990675
HydroSHEDS v2,1.5,0.25,1000.0,1258.9254117941675,10807715,20990675
HydroSHEDS v2,1.5,0.25,1258.9254117941675,1584.893192461114,9656808,20990675
HydroSHEDS v2,1.5,0.25,1584.893192461114,1995.262314968881,8001219,20990675
HydroSHEDS v2,1.5,0.25,1995.262314968881,2511.886431509582,6097534,20990675
HydroSHEDS v2,1.5,0.25,2511.886431509582,3162.2776601683795,4249489,20990675
HydroSHEDS v2,1.5,0.25,3162.2776601683795,3981.0717055349733,2677283,20990675
HydroSHEDS v2,1.5,0.25,3981.0717055349733,5011.872336272725,1512035,20990675
HydroSHEDS v2,1.5,0.25,5011.872336272725,6309.573444801937,759975,20990675
HydroSHEDS v2,1.5,0.25,6309.573444801937,7943.282347242822,341337,20990675
HydroSHEDS v2,1.5,0.25,7943.282347242822,10000.0,141693,20990675
HydroSHEDS v2,1.5,0.25,10000.0,12589.254117941688,58043,20990675
HydroSHEDS v2,1.5,0.25,12589.254117941688,15848.93192461114,26613,20990675
HydroSHEDS v2,1.5,0.25,15848.93192461114,19952.62314968879,14614,20990675
HydroSHEDS v2,1.5,0.25,19952.62314968879,25118.864315095823,9887,20990675
HydroSHEDS v2,1.5,0.25,25118.864315095823,31622.776601683792,6688,20990675
HydroSHEDS v2,1.5,0.25,31622.776601683792,39810.71705534977,2373,20990675
HydroSHEDS v2,1.5,0.25,39810.71705534977,50118.72336272725,531,20990675
HydroSHEDS v2,1.5,0.25,50118.72336272725,63095.73444801943,103,20990675
HydroSHEDS v2,1.5,0.25,63095.73444801943,79432.82347242821,33,20990675
HydroSHEDS v2,1.5,0.25,79432.82347242821,100000.0,2,20990675
HydroSHEDS v2,1.5,0.25,100000.0,125892.54117941688,1,20990675
HydroSHEDS v2,1.5,0.25,125892.54117941688,158489.3192461114,1,20990675
HydroSHEDS v2,1.5,0.25,158489.3192461114,199526.2314968883,0,20990675
HydroSHEDS v2,1.5,0.25,199526.2314968883,251188.6431509582,0,20990675
HydroSHEDS v2,1.5,0.25,251188.6431509582,316227.7660168379,0,20990675
HydroSHEDS v2,1.5,0.25,316227.7660168379,398107.17055349774,0,20990675
HydroSHEDS v2,1.5,0.25,398107.17055349774,501187.2336272725,0,20990675
HydroSHEDS v2,1.5,0.25,501187.2336272725,630957.3444801943,0,20990675
HydroSHEDS v2,1.5,0.25,630957.3444801943,794328.2347242822,0,20990675
HydroSHEDS v2,1.5,0.25,794328.2347242822,1000000.0,0,20990675
HydroSHEDS v2,1.5,0.25,1000000.0,1258925.4117941686,0,20990675
HydroSHEDS v2,1.5,0.25,1258925.4117941686,1584893.1924611141,0,20990675
HydroSHEDS v2,1.5,0.25,1584893.1924611141,1995262.3149688828,0,20990675
HydroSHEDS v2,1.5,0.25,1995262.3149688828,2511886.4315095823,0,20990675
HydroSHEDS v2,1.5,0.25,2511886.4315095823,3162277.6601683795,0,20990675
HydroSHEDS v2,1.5,0.25,3162277.6601683795,3981071.7055349774,0,20990675
HydroSHEDS v2,1.5,0.25,3981071.7055349774,5011872.336272725,0,20990675
HydroSHEDS v2,1.5,0.25,5011872.336272725,6309573.444801942,0,20990675
HydroSHEDS v2,1.5,0.25,6309573.444801942,7943282.347242822,0,20990675
HydroSHEDS v2,1.5,0.25,7943282.347242822,10000000.0,0,20990675
HydroSHEDS v2,1.5,0.4,1.0,1.2589254117941673,0,20990675
HydroSHEDS v2,1.5,0.4,1.2589254117941673,1.5848931924611136,0,20990675
HydroSHEDS v2,1.5,0.4,1.5848931924611136,1.9952623149688797,0,20990675
HydroSHEDS v2,1.5,0.4,1.9952623149688797,2.51188643150958,13,20990675
HydroSHEDS v2,1.5,0.4,2.51188643150958,3.1622776601683795,25,20990675
HydroSHEDS v2,1.5,0.4,3.1622776601683795,3.981071705534973,83,20990675
HydroSHEDS v2,1.5,0.4,3.981071705534973,5.011872336272724,224,20990675
HydroSHEDS v2,1.5,0.4,5.011872336272724,6.309573444801933,686,20990675
HydroSHEDS v2,1.5,0.4,6.309573444801933,7.943282347242816,2235,20990675
HydroSHEDS v2,1.5,0.4,7.943282347242816,10.0,5641,20990675
HydroSHEDS v2,1.5,0.4,10.0,12.589254117941675,12507,20990675
HydroSHEDS v2,1.5,0.4,12.589254117941675,15.848931924611142,22138,20990675
HydroSHEDS v2,1.5,0.4,15.848931924611142,19.952623149688797,66341,20990675
HydroSHEDS v2,1.5,0.4,19.952623149688797,25.11886431509581,140310,20990675
HydroSHEDS v2,1.5,0.4,25.11886431509581,31.622776601683793,142151,20990675
HydroSHEDS v2,1.5,0.4,31.622776601683793,39.810717055349734,220117,20990675
HydroSHEDS v2,1.5,0.4,39.810717055349734,50.11872336272725,270522,20990675
HydroSHEDS v2,1.5,0.4,50.11872336272725,63.09573444801933,387386,20990675
HydroSHEDS v2,1.5,0.4,63.09573444801933,79.43282347242817,498086,20990675
HydroSHEDS v2,1.5,0.4,79.43282347242817,100.0,676141,20990675
HydroSHEDS v2,1.5,0.4,100.0,125.89254117941675,893827,20990675
HydroSHEDS v2,1.5,0.4,125.89254117941675,158.48931924611142,1180121,20990675
HydroSHEDS v2,1.5,0.4,158.48931924611142,199.52623149688807,1551079,20990675
HydroSHEDS v2,1.5,0.4,199.52623149688807,251.18864315095823,2019699,20990675
HydroSHEDS v2,1.5,0.4,251.18864315095823,316.22776601683796,2597965,20990675
HydroSHEDS v2,1.5,0.4,316.22776601683796,398.1071705534973,3257301,20990675
HydroSHEDS v2,1.5,0.4,398.1071705534973,501.18723362727246,3986513,20990675
HydroSHEDS v2,1.5,0.4,501.18723362727246,630.9573444801937,4728132,20990675
HydroSHEDS v2,1.5,0.4,630.9573444801937,794.3282347242822,5370823,20990675
HydroSHEDS v2,1.5,0.4,794.3282347242822,1000.0,5777428,20990675
HydroSHEDS v2,1.5,0.4,1000.0,1258.9254117941675,5812747,20990675
HydroSHEDS v2,1.5,0.4,1258.9254117941675,1584.893192461114,5384257,20990675
HydroSHEDS v2,1.5,0.4,1584.893192461114,1995.262314968881,4535842,20990675
HydroSHEDS v2,1.5,0.4,1995.262314968881,2511.886431509582,3436796,20990675
HydroSHEDS v2,1.5,0.4,2511.886431509582,3162.2776601683795,2317419,20990675
HydroSHEDS v2,1.5,0.4,3162.2776601683795,3981.0717055349733,1374660,20990675
HydroSHEDS v2,1.5,0.4,3981.0717055349733,5011.872336272725,713650,20990675
HydroSHEDS v2,1.5,0.4,5011.872336272725,6309.573444801937,325617,20990675
HydroSHEDS v2,1.5,0.4,6309.573444801937,7943.282347242822,132370,20990675
HydroSHEDS v2,1.5,0.4,7943.282347242822,10000.0,49495,20990675
HydroSHEDS v2,1.5,0.4,10000.0,12589.254117941688,19859,20990675
HydroSHEDS v2,1.5,0.4,12589.254117941688,15848.93192461114,11203,20990675
HydroSHEDS v2,1.5,0.4,15848.93192461114,19952.62314968879,9212,20990675
HydroSHEDS v2,1.5,0.4,19952.62314968879,25118.864315095823,6638,20990675
HydroSHEDS v2,1.5,0.4,25118.864315095823,31622.776601683792,2498,20990675
HydroSHEDS v2,1.5,0.4,31622.776601683792,39810.71705534977,571,20990675
HydroSHEDS v2,1.5,0.4,39810.71705534977,50118.72336272725,107,20990675
HydroSHEDS v2,1.5,0.4,50118.72336272725,63095.73444801943,33,20990675
HydroSHEDS v2,1.5,0.4,63095.73444801943,79432.82347242821,2,20990675
HydroSHEDS v2,1.5,0.4,79432.82347242821,100000.0,1,20990675
HydroSHEDS v2,1.5,0.4,100000.0,125892.54117941688,1,20990675
HydroSHEDS v2,1.5,0.4,125892.54117941688,158489.3192461114,0,20990675
HydroSHEDS v2,1.5,0.4,158489.3192461114,199526.2314968883,0,20990675
HydroSHEDS v2,1.5,0.4,199526.2314968883,251188.6431509582,0,20990675
HydroSHEDS v2,1.5,0.4,251188.6431509582,316227.7660168379,0,20990675
HydroSHEDS v2,1.5,0.4,316227.7660168379,398107.17055349774,0,20990675
HydroSHEDS v2,1.5,0.4,398107.17055349774,501187.2336272725,0,20990675
HydroSHEDS v2,1.5,0.4,501187.2336272725,630957.3444801943,0,20990675
HydroSHEDS v2,1.5,0.4,630957.3444801943,794328.2347242822,0,20990675
HydroSHEDS v2,1.5,0.4,794328.2347242822,1000000.0,0,20990675
HydroSHEDS v2,1.5,0.4,1000000.0,1258925.4117941686,0,20990675
HydroSHEDS v2,1.5,0.4,1258925.4117941686,1584893.1924611141,0,20990675
HydroSHEDS v2,1.5,0.4,1584893.1924611141,1995262.3149688828,0,20990675
HydroSHEDS v2,1.5,0.4,1995262.3149688828,2511886.4315095823,0,20990675
HydroSHEDS v2,1.5,0.4,2511886.4315095823,3162277.6601683795,0,20990675
HydroSHEDS v2,1.5,0.4,3162277.6601683795,3981071.7055349774,0,20990675
HydroSHEDS v2,1.5,0.4,3981071.7055349774,5011872.336272725,0,20990675
HydroSHEDS v2,1.5,0.4,5011872.336272725,6309573.444801942,0,20990675
HydroSHEDS v2,1.5,0.4,6309573.444801942,7943282.347242822,0,20990675
HydroSHEDS v2,1.5,0.4,7943282.347242822,10000000.0,0,20990675
Combined,0.5,0.1,1.0,1.2589254117941673,2142,52783290
Combined,0.5,0.1,1.2589254117941673,1.5848931924611136,2142,52783290
Combined,0.5,0.1,1.5848931924611136,1.9952623149688797,3020,52783290
Combined,0.5,0.1,1.9952623149688797,2.51188643150958,5244,52783290
Combined,0.5,0.1,2.51188643150958,3.1622776601683795,6599,52783290
Combined,0.5,0.1,3.1622776601683795,3.981071705534973,10828,52783290
Combined,0.5,0.1,3.981071705534973,5.011872336272724,24488,52783290
Combined,0.5,0.1,5.011872336272724,6.309573444801933,34542,52783290
Combined,0.5,0.1,6.309573444801933,7.943282347242816,58290,52783290
Combined,0.5,0.1,7.943282347242816,10.0,83396,52783290
Combined,0.5,0.1,10.0,12.589254117941675,144657,52783290
Combined,0.5,0.1,12.589254117941675,15.848931924611142,204496,52783290
Combined,0.5,0.1,15.848931924611142,19.952623149688797,324796,52783290
Combined,0.5,0.1,19.952623149688797,25.11886431509581,439456,52783290
Combined,0.5,0.1,25.11886431509581,31.622776601683793,624806,52783290
Combined,0.5,0.1,31.622776601683793,39.810717055349734,838624,52783290
Combined,0.5,0.1,39.810717055349734,50.11872336272725,1132112,52783290
Combined,0.5,0.1,50.11872336272725,63.09573444801933,1507039,52783290
Combined,0.5,0.1,63.09573444801933,79.43282347242817,1995150,52783290
Combined,0.5,0.1,79.43282347242817,100.0,2641689,52783290
Combined,0.5,0.1,100.0,125.89254117941675,3483604,52783290
Combined,0.5,0.1,125.89254117941675,158.48931924611142,4541622,52783290
Combined,0.5,0.1,158.48931924611142,199.52623149688807,5997959,52783290
Combined,0.5,0.1,199.52623149688807,251.18864315095823,7797386,52783290
Combined,0.5,0.1,251.18864315095823,316.22776601683796,10311876,52783290
Combined,0.5,0.1,316.22776601683796,398.1071705534973,13085295,52783290
Combined,0.5,0.1,398.1071705534973,501.18723362727246,16337645,52783290
Combined,0.5,0.1,501.18723362727246,630.9573444801937,20035829,52783290
Combined,0.5,0.1,630.9573444801937,794.3282347242822,24097586,52783290
Combined,0.5,0.1,794.3282347242822,1000.0,28132512,52783290
Combined,0.5,0.1,1000.0,1258.9254117941675,31834404,52783290
Combined,0.5,0.1,1258.9254117941675,1584.893192461114,34943513,52783290
Combined,0.5,0.1,1584.893192461114,1995.262314968881,37213482,52783290
Combined,0.5,0.1,1995.262314968881,2511.886431509582,38390667,52783290
Combined,0.5,0.1,2511.886431509582,3162.2776601683795,38215669,52783290
Combined,0.5,0.1,3162.2776601683795,3981.0717055349733,37422205,52783290
Combined,0.5,0.1,3981.0717055349733,5011.872336272725,35373547,52783290
Combined,0.5,0.1,5011.872336272725,6309.573444801937,32331358,52783290
Combined,0.5,0.1,6309.573444801937,7943.282347242822,28626244,52783290
Combined,0.5,0.1,7943.282347242822,10000.0,24381452,52783290
Combined,0.5,0.1,10000.0,12589.254117941688,19993851,52783290
Combined,0.5,0.1,12589.254117941688,15848.93192461114,15809900,52783290
Combined,0.5,0.1,15848.93192461114,19952.62314968879,12019238,52783290
Combined,0.5,0.1,19952.62314968879,25118.864315095823,8784135,52783290
Combined,0.5,0.1,25118.864315095823,31622.776601683792,6168950,52783290
Combined,0.5,0.1,31622.776601683792,39810.71705534977,4164216,52783290
Combined,0.5,0.1,39810.71705534977,50118.72336272725,2706739,52783290
Combined,0.5,0.1,50118.72336272725,63095.73444801943,1700854,52783290
Combined,0.5,0.1,63095.73444801943,79432.82347242821,1033887,52783290
Combined,0.5,0.1,79432.82347242821,100000.0,604572,52783290
Combined,0.5,0.1,100000.0,125892.54117941688,336499,52783290
Combined,0.5,0.1,125892.54117941688,158489.3192461114,175834,52783290
Combined,0.5,0.1,158489.3192461114,199526.2314968883,87225,52783290
Combined,0.5,0.1,199526.2314968883,251188.6431509582,41085,52783290
Combined,0.5,0.1,251188.6431509582,316227.7660168379,18505,52783290
Combined,0.5,0.1,316227.7660168379,398107.17055349774,7941,52783290
Combined,0.5,0.1,398107.17055349774,501187.2336272725,3383,52783290
Combined,0.5,0.1,501187.2336272725,630957.3444801943,1375,52783290
Combined,0.5,0.1,630957.3444801943,794328.2347242822,505,52783290
Combined,0.5,0.1,794328.2347242822,1000000.0,177,52783290
Combined,0.5,0.1,1000000.0,1258925.4117941686,48,52783290
Combined,0.5,0.1,1258925.4117941686,1584893.1924611141,8,52783290
Combined,0.5,0.1,1584893.1924611141,1995262.3149688828,0,52783290
Combined,0.5,0.1,1995262.3149688828,2511886.4315095823,0,52783290
Combined,0.5,0.1,2511886.4315095823,3162277.6601683795,0,52783290
Combined,0.5,0.1,3162277.6601683795,3981071.7055349774,0,52783290
Combined,0.5,0.1,3981071.7055349774,5011872.336272725,0,52783290
Combined,0.5,0.1,5011872.336272725,6309573.444801942,0,52783290
Combined,0.5,0.1,6309573.444801942,7943282.347242822,0,52783290
Combined,0.5,0.1,7943282.347242822,10000000.0,0,52783290
Combined,0.5,0.25,1.0,1.2589254117941673,719,52783290
Combined,0.5,0.25,1.2589254117941673,1.5848931924611136,719,52783290
Combined,0.5,0.25,1.5848931924611136,1.9952623149688797,719,52783290
Combined,0.5,0.25,1.9952623149688797,2.51188643150958,1377,52783290
Combined,0.5,0.25,2.51188643150958,3.1622776601683795,2142,52783290
Combined,0.5,0.25,3.1622776601683795,3.981071705534973,1498,52783290
Combined,0.5,0.25,3.981071705534973,5.011872336272724,3346,52783290
Combined,0.5,0.25,5.011872336272724,6.309573444801933,4530,52783290
Combined,0.5,0.25,6.309573444801933,7.943282347242816,5222,52783290
Combined,0.5,0.25,7.943282347242816,10.0,9451,52783290
Combined,0.5,0.25,10.0,12.589254117941675,22990,52783290
Combined,0.5,0.25,12.589254117941675,15.848931924611142,32792,52783290
Combined,0.5,0.25,15.848931924611142,19.952623149688797,54998,52783290
Combined,0.5,0.25,19.952623149688797,25.11886431509581,82731,52783290
Combined,0.5,0.25,25.11886431509581,31.622776601683793,138303,52783290
Combined,0.5,0.25,31.622776601683793,39.810717055349734,193985,52783290
Combined,0.5,0.25,39.810717055349734,50.11872336272725,305971,52783290
Combined,0.5,0.25,50.11872336272725,63.09573444801933,407349,52783290
Combined,0.5,0.25,63.09573444801933,79.43282347242817,565875,52783290
Combined,0.5,0.25,79.43282347242817,100.0,755678,52783290
Combined,0.5,0.25,100.0,125.89254117941675,991599,52783290
Combined,0.5,0.25,125.89254117941675,158.48931924611142,1317743,52783290
Combined,0.5,0.25,158.48931924611142,199.52623149688807,1709724,52783290
Combined,0.5,0.25,199.52623149688807,251.18864315095823,2240878,52783290
Combined,0.5,0.25,251.18864315095823,316.22776601683796,2939892,52783290
Combined,0.5,0.25,316.22776601683796,398.1071705534973,3820799,52783290
Combined,0.5,0.25,398.1071705534973,501.18723362727246,5075743,52783290
Combined,0.5,0.25,501.18723362727246,630.9573444801937,6575119,52783290
Combined,0.5,0.25,630.9573444801937,794.3282347242822,8683604,52783290
Combined,0.5,0.25,794.3282347242822,1000.0,10944595,52783290
Combined,0.5,0.25,1000.0,1258.9254117941675,13541908,52783290
Combined,0.5,0.25,1258.9254117941675,1584.893192461114,16445529,52783290
Combined,0.5,0.25,1584.893192461114,1995.262314968881,19246096,52783290
Combined,0.5,0.25,1995.262314968881,2511.886431509582,21751529,52783290
Combined,0.5,0.25,2511.886431509582,3162.2776601683795,23543615,52783290
Combined,0.5,0.25,3162.2776601683795,3981.0717055349733,24491830,52783290
Combined,0.5,0.25,3981.0717055349733,5011.872336272725,24337631,52783290
Combined,0.5,0.25,5011.872336272725,6309.573444801937,23040012,52783290
Combined,0.5,0.25,6309.573444801937,7943.282347242822,20753343,52783290
Combined,0.5,0.25,7943.282347242822,10000.0,17904137,52783290
Combined,0.5,0.25,10000.0,12589.254117941688,14705799,52783290
Combined,0.5,0.25,12589.254117941688,15848.93192461114,11546699,52783290
Combined,0.5,0.25,15848.93192461114,19952.62314968879,8671452,52783290
Combined,0.5,0.25,19952.62314968879,25118.864315095823,6235937,52783290
Combined,0.5,0.25,25118.864315095823,31622.776601683792,4303847,52783290
Combined,0.5,0.25,31622.776601683792,39810.71705534977,2851324,52783290
Combined,0.5,0.25,39810.71705534977,50118.72336272725,1821561,52783290
Combined,0.5,0.25,50118.72336272725,63095.73444801943,1123943,52783290
Combined,0.5,0.25,63095.73444801943,79432.82347242821,666463,52783290
Combined,0.5,0.25,79432.82347242821,100000.0,377195,52783290
Combined,0.5,0.25,100000.0,125892.54117941688,199971,52783290
Combined,0.5,0.25,125892.54117941688,158489.3192461114,100576,52783290
Combined,0.5,0.25,158489.3192461114,199526.2314968883,47963,52783290
Combined,0.5,0.25,199526.2314968883,251188.6431509582,21878,52783290
Combined,0.5,0.25,251188.6431509582,316227.7660168379,9497,52783290
Combined,0.5,0.25,316227.7660168379,398107.17055349774,4042,52783290
Combined,0.5,0.25,398107.17055349774,501187.2336272725,1703,52783290
Combined,0.5,0.25,501187.2336272725,630957.3444801943,609,52783290
Combined,0.5,0.25,630957.3444801943,794328.2347242822,222,52783290
Combined,0.5,0.25,794328.2347242822,1000000.0,63,52783290
Combined,0.5,0.25,1000000.0,1258925.4117941686,11,52783290
Combined,0.5,0.25,1258925.4117941686,1584893.1924611141,1,52783290
Combined,0.5,0.25,1584893.1924611141,1995262.3149688828,0,52783290
Combined,0.5,0.25,1995262.3149688828,2511886.4315095823,0,52783290
Combined,0.5,0.25,2511886.4315095823,3162277.6601683795,0,52783290
Combined,0.5,0.25,3162277.6601683795,3981071.7055349774,0,52783290
Combined,0.5,0.25,3981071.7055349774,5011872.336272725,0,52783290
Combined,0.5,0.25,5011872.336272725,6309573.444801942,0,52783290
Combined,0.5,0.25,6309573.444801942,7943282.347242822,0,52783290
Combined,0.5,0.25,7943282.347242822,10000000.0,0,52783290
Combined,0.5,0.4,1.0,1.2589254117941673,0,52783290
Combined,0.5,0.4,1.2589254117941673,1.5848931924611136,0,52783290
Combined,0.5,0.4,1.5848931924611136,1.9952623149688797,719,52783290
Combined,0.5,0.4,1.9952623149688797,2.51188643150958,719,52783290
Combined,0.5,0.4,2.51188643150958,3.1622776601683795,75,52783290
Combined,0.5,0.4,3.1622776601683795,3.981071705534973,658,52783290
Combined,0.5,0.4,3.981071705534973,5.011872336272724,1423,52783290
Combined,0.5,0.4,5.011872336272724,6.309573444801933,765,52783290
Combined,0.5,0.4,6.309573444801933,7.943282347242816,1643,52783290
Combined,0.5,0.4,7.943282347242816,10.0,3102,52783290
Combined,0.5,0.4,10.0,12.589254117941675,3571,52783290
Combined,0.5,0.4,12.589254117941675,15.848931924611142,6761,52783290
Combined,0.5,0.4,15.848931924611142,19.952623149688797,19843,52783290
Combined,0.5,0.4,19.952623149688797,25.11886431509581,26624,52783290
Combined,0.5,0.4,25.11886431509581,31.622776601683793,46051,52783290
Combined,0.5,0.4,31.622776601683793,39.810717055349734,57598,52783290
Combined,0.5,0.4,39.810717055349734,50.11872336272725,103062,52783290
Combined,0.5,0.4,50.11872336272725,63.09573444801933,144195,52783290
Combined,0.5,0.4,63.09573444801933,79.43282347242817,235576,52783290
Combined,0.5,0.4,79.43282347242817,100.0,286004,52783290
Combined,0.5,0.4,100.0,125.89254117941675,397825,52783290
Combined,0.5,0.4,125.89254117941675,158.48931924611142,497507,52783290
Combined,0.5,0.4,158.48931924611142,199.52623149688807,646814,52783290
Combined,0.5,0.4,199.52623149688807,251.18864315095823,857221,52783290
Combined,0.5,0.4,251.18864315095823,316.22776601683796,1136521,52783290
Combined,0.5,0.4,316.22776601683796,398.1071705534973,1478135,52783290
Combined,0.5,0.4,398.1071705534973,501.18723362727246,1931422,52783290
Combined,0.5,0.4,501.18723362727246,630.9573444801937,2508948,52783290
Combined,0.5,0.4,630.9573444801937,794.3282347242822,3347534,52783290
Combined,0.5,0.4,794.3282347242822,1000.0,4325651,52783290
Combined,0.5,0.4,1000.0,1258.9254117941675,5781996,52783290
Combined,0.5,0.4,1258.9254117941675,1584.893192461114,7092146,52783290
Combined,0.5,0.4,1584.893192461114,1995.262314968881,8482537,52783290
Combined,0.5,0.4,1995.262314968881,2511.886431509582,9855253,52783290
Combined,0.5,0.4,2511.886431509582,3162.2776601683795,11276941,52783290
Combined,0.5,0.4,3162.2776601683795,3981.0717055349733,12213882,52783290
Combined,0.5,0.4,3981.0717055349733,5011.872336272725,12484724,52783290
Combined,0.5,0.4,5011.872336272725,6309.573444801937,12040838,52783290
Combined,0.5,0.4,6309.573444801937,7943.282347242822,11032558,52783290
Combined,0.5,0.4,7943.282347242822,10000.0,9573266,52783290
Combined,0.5,0.4,10000.0,12589.254117941688,7893812,52783290
Combined,0.5,0.4,12589.254117941688,15848.93192461114,6192231,52783290
Combined,0.5,0.4,15848.93192461114,19952.62314968879,4617165,52783290
Combined,0.5,0.4,19952.62314968879,25118.864315095823,3278822,52783290
Combined,0.5,0.4,25118.864315095823,31622.776601683792,2226509,52783290
Combined,0.5,0.4,31622.776601683792,39810.71705534977,1458460,52783290
Combined,0.5,0.4,39810.71705534977,50118.72336272725,926584,52783290
Combined,0.5,0.4,50118.72336272725,63095.73444801943,567003,52783290
Combined,0.5,0.4,63095.73444801943,79432.82347242821,329918,52783290
Combined,0.5,0.4,79432.82347242821,100000.0,179092,52783290
Combined,0.5,0.4,100000.0,125892.54117941688,91658,52783290
Combined,0.5,0.4,125892.54117941688,158489.3192461114,44381,52783290
Combined,0.5,0.4,158489.3192461114,199526.2314968883,20353,52783290
Combined,0.5,0.4,199526.2314968883,251188.6431509582,8961,52783290
Combined,0.5,0.4,251188.6431509582,316227.7660168379,3853,52783290
Combined,0.5,0.4,316227.7660168379,398107.17055349774,1675,52783290
Combined,0.5,0.4,398107.17055349774,501187.2336272725,606,52783290
Combined,0.5,0.4,501187.2336272725,630957.3444801943,229,52783290
Combined,0.5,0.4,630957.3444801943,794328.2347242822,63,52783290
Combined,0.5,0.4,794328.2347242822,1000000.0,11,52783290
Combined,0.5,0.4,1000000.0,1258925.4117941686,1,52783290
Combined,0.5,0.4,1258925.4117941686,1584893.1924611141,0,52783290
Combined,0.5,0.4,1584893.1924611141,1995262.3149688828,0,52783290
Combined,0.5,0.4,1995262.3149688828,2511886.4315095823,0,52783290
Combined,0.5,0.4,2511886.4315095823,3162277.6601683795,0,52783290
Combined,0.5,0.4,3162277.6601683795,3981071.7055349774,0,52783290
Combined,0.5,0.4,3981071.7055349774,5011872.336272725,0,52783290
Combined,0.5,0.4,5011872.336272725,6309573.444801942,0,52783290
Combined,0.5,0.4,6309573.444801942,7943282.347242822,0,52783290
Combined,0.5,0.4,7943282.347242822,10000000.0,0,52783290
Combined,1.0,0.1,1.0,1.2589254117941673,5244,52783290
Combined,1.0,0.1,1.2589254117941673,1.5848931924611136,6599,52783290
Combined,1.0,0.1,1.5848931924611136,1.9952623149688797,10828,52783290
Combined,1.0,0.1,1.9952623149688797,2.51188643150958,24481,52783290
Combined,1.0,0.1,2.51188643150958,3.1622776601683795,35091,52783290
Combined,1.0,0.1,3.1622776601683795,3.981071705534973,58346,52783290
Combined,1.0,0.1,3.981071705534973,5.011872336272724,86543,52783290
Combined,1.0,0.1,5.011872336272724,6.309573444801933,144829,52783290
Combined,1.0,0.1,6.309573444801933,7.943282347242816,204651,52783290
Combined,1.0,0.1,7.943282347242816,10.0,324954,52783290
Combined,1.0,0.1,10.0,12.589254117941675,439833,52783290
Combined,1.0,0.1,12.589254117941675,15.848931924611142,625265,52783290
Combined,1.0,0.1,15.848931924611142,19.952623149688797,838978,52783290
Combined,1.0,0.1,19.952623149688797,25.11886431509581,1132942,52783290
Combined,1.0,0.1,25.11886431509581,31.622776601683793,1516548,52783290
Combined,1.0,0.1,31.622776601683793,39.810717055349734,2004477,52783290
Combined,1.0,0.1,39.810717055349734,50.11872336272725,2653732,52783290
Combined,1.0,0.1,50.11872336272725,63.09573444801933,3496288,52783290
Combined,1.0,0.1,63.09573444801933,79.43282347242817,4550308,52783290
Combined,1.0,0.1,79.43282347242817,100.0,6012244,52783290
Combined,1.0,0.1,100.0,125.89254117941675,7823203,52783290
Combined,1.0,0.1,125.89254117941675,158.48931924611142,10338041,52783290
Combined,1.0,0.1,158.48931924611142,199.52623149688807,13104633,52783290
Combined,1.0,0.1,199.52623149688807,251.18864315095823,16370708,52783290
Combined,1.0,0.1,251.18864315095823,316.22776601683796,20127303,52783290
Combined,1.0,0.1,316.22776601683796,398.1071705534973,24150390,52783290
Combined,1.0,0.1,398.1071705534973,501.18723362727246,28178571,52783290
Combined,1.0,0.1,501.18723362727246,630.9573444801937,31871144,52783290
Combined,1.0,0.1,630.9573444801937,794.3282347242822,34964690,52783290
Combined,1.0,0.1,794.3282347242822,1000.0,37232263,52783290
Combined,1.0,0.1,1000.0,1258.9254117941675,38404256,52783290
Combined,1.0,0.1,1258.9254117941675,1584.893192461114,38210876,52783290
Combined,1.0,0.1,1584.893192461114,1995.262314968881,37403274,52783290
Combined,1.0,0.1,1995.262314968881,2511.886431509582,35349539,52783290
Combined,1.0,0.1,2511.886431509582,3162.2776601683795,32304606,52783290
Combined,1.0,0.1,3162.2776601683795,3981.0717055349733,28592096,52783290
Combined,1.0,0.1,3981.0717055349733,5011.872336272725,24330107,52783290
Combined,1.0,0.1,5011.872336272725,6309.573444801937,19943085,52783290
Combined,1.0,0.1,6309.573444801937,7943.282347242822,15768722,52783290
Combined,1.0,0.1,7943.282347242822,10000.0,11984661,52783290
Combined,1.0,0.1,10000.0,12589.254117941688,8755913,52783290
Combined,1.0,0.1,12589.254117941688,15848.93192461114,6143853,52783290
Combined,1.0,0.1,15848.93192461114,19952.62314968879,4146525,52783290
Combined,1.0,0.1,19952.62314968879,25118.864315095823,2694192,52783290
Combined,1.0,0.1,25118.864315095823,31622.776601683792,1692527,52783290
Combined,1.0,0.1,31622.776601683792,39810.71705534977,1028508,52783290
Combined,1.0,0.1,39810.71705534977,50118.72336272725,601157,52783290
Combined,1.0,0.1,50118.72336272725,63095.73444801943,334441,52783290
Combined,1.0,0.1,63095.73444801943,79432.82347242821,174594,52783290
Combined,1.0,0.1,79432.82347242821,100000.0,86589,52783290
Combined,1.0,0.1,100000.0,125892.54117941688,40752,52783290
Combined,1.0,0.1,125892.54117941688,158489.3192461114,18358,52783290
Combined,1.0,0.1,158489.3192461114,199526.2314968883,7886,52783290
Combined,1.0,0.1,199526.2314968883,251188.6431509582,3359,52783290
Combined,1.0,0.1,251188.6431509582,316227.7660168379,1365,52783290
Combined,1.0,0.1,316227.7660168379,398107.17055349774,504,52783290
Combined,1.0,0.1,398107.17055349774,501187.2336272725,176,52783290
Combined,1.0,0.1,501187.2336272725,630957.3444801943,47,52783290
Combined,1.0,0.1,630957.3444801943,794328.2347242822,8,52783290
Combined,1.0,0.1,794328.2347242822,1000000.0,0,52783290
Combined,1.0,0.1,1000000.0,1258925.4117941686,0,52783290
Combined,1.0,0.1,1258925.4117941686,1584893.1924611141,0,52783290
Combined,1.0,0.1,1584893.1924611141,1995262.3149688828,0,52783290
Combined,1.0,0.1,1995262.3149688828,2511886.4315095823,0,52783290
Combined,1.0,0.1,2511886.4315095823,3162277.6601683795,0,52783290
Combined,1.0,0.1,3162277.6601683795,3981071.7055349774,0,52783290
Combined,1.0,0.1,3981071.7055349774,5011872.336272725,0,52783290
Combined,1.0,0.1,5011872.336272725,6309573.444801942,0,52783290
Combined,1.0,0.1,6309573.444801942,7943282.347242822,0,52783290
Combined,1.0,0.1,7943282.347242822,10000000.0,0,52783290
Combined,1.0,0.25,1.0,1.2589254117941673,1377,52783290
Combined,1.0,0.25,1.2589254117941673,1.5848931924611136,2142,52783290
Combined,1.0,0.25,1.5848931924611136,1.9952623149688797,1498,52783290
Combined,1.0,0.25,1.9952623149688797,2.51188643150958,3346,52783290
Combined,1.0,0.25,2.51188643150958,3.1622776601683795,4530,52783290
Combined,1.0,0.25,3.1622776601683795,3.981071705534973,5222,52783290
Combined,1.0,0.25,3.981071705534973,5.011872336272724,10997,52783290
Combined,1.0,0.25,5.011872336272724,6.309573444801933,23022,52783290
Combined,1.0,0.25,6.309573444801933,7.943282347242816,32792,52783290
Combined,1.0,0.25,7.943282347242816,10.0,54998,52783290
Combined,1.0,0.25,10.0,12.589254117941675,82732,52783290
Combined,1.0,0.25,12.589254117941675,15.848931924611142,138303,52783290
Combined,1.0,0.25,15.848931924611142,19.952623149688797,194174,52783290
Combined,1.0,0.25,19.952623149688797,25.11886431509581,306124,52783290
Combined,1.0,0.25,25.11886431509581,31.622776601683793,407734,52783290
Combined,1.0,0.25,31.622776601683793,39.810717055349734,566283,52783290
Combined,1.0,0.25,39.810717055349734,50.11872336272725,763086,52783290
Combined,1.0,0.25,50.11872336272725,63.09573444801933,1000795,52783290
Combined,1.0,0.25,63.09573444801933,79.43282347242817,1310882,52783290
Combined,1.0,0.25,79.43282347242817,100.0,1711539,52783290
Combined,1.0,0.25,100.0,125.89254117941675,2242311,52783290
Combined,1.0,0.25,125.89254117941675,158.48931924611142,2941728,52783290
Combined,1.0,0.25,158.48931924611142,199.52623149688807,3832938,52783290
Combined,1.0,0.25,199.52623149688807,251.18864315095823,5080675,52783290
Combined,1.0,0.25,251.18864315095823,316.22776601683796,6598790,52783290
Combined,1.0,0.25,316.22776601683796,398.1071705534973,8708100,52783290
Combined,1.0,0.25,398.1071705534973,501.18723362727246,10976978,52783290
Combined,1.0,0.25,501.18723362727246,630.9573444801937,13577507,52783290
Combined,1.0,0.25,630.9573444801937,794.3282347242822,16465480,52783290
Combined,1.0,0.25,794.3282347242822,1000.0,19267424,52783290
Combined,1.0,0.25,1000.0,1258.9254117941675,21775409,52783290
Combined,1.0,0.25,1258.9254117941675,1584.893192461114,23551051,52783290
Combined,1.0,0.25,1584.893192461114,1995.262314968881,24504045,52783290
Combined,1.0,0.25,1995.262314968881,2511.886431509582,24321030,52783290
Combined,1.0,0.25,2511.886431509582,3162.2776601683795,23029858,52783290
Combined,1.0,0.25,3162.2776601683795,3981.0717055349733,20734754,52783290
Combined,1.0,0.25,3981.0717055349733,5011.872336272725,17866195,52783290
Combined,1.0,0.25,5011.872336272725,6309.573444801937,14669661,52783290
Combined,1.0,0.25,6309.573444801937,7943.282347242822,11512999,52783290
Combined,1.0,0.25,7943.282347242822,10000.0,8644906,52783290
Combined,1.0,0.25,10000.0,12589.254117941688,6215971,52783290
Combined,1.0,0.25,12589.254117941688,15848.93192461114,4286651,52783290
Combined,1.0,0.25,15848.93192461114,19952.62314968879,2839565,52783290
Combined,1.0,0.25,19952.62314968879,25118.864315095823,1812733,52783290
Combined,1.0,0.25,25118.864315095823,31622.776601683792,1118241,52783290
Combined,1.0,0.25,31622.776601683792,39810.71705534977,662794,52783290
Combined,1.0,0.25,39810.71705534977,50118.72336272725,374839,52783290
Combined,1.0,0.25,50118.72336272725,63095.73444801943,198575,52783290
Combined,1.0,0.25,63095.73444801943,79432.82347242821,99844,52783290
Combined,1.0,0.25,79432.82347242821,100000.0,47588,52783290
Combined,1.0,0.25,100000.0,125892.54117941688,21694,52783290
Combined,1.0,0.25,125892.54117941688,158489.3192461114,9418,52783290
Combined,1.0,0.25,158489.3192461114,199526.2314968883,4001,52783290
Combined,1.0,0.25,199526.2314968883,251188.6431509582,1683,52783290
Combined,1.0,0.25,251188.6431509582,316227.7660168379,602,52783290
Combined,1.0,0.25,316227.7660168379,398107.17055349774,220,52783290
Combined,1.0,0.25,398107.17055349774,501187.2336272725,61,52783290
Combined,1.0,0.25,501187.2336272725,630957.3444801943,11,52783290
Combined,1.0,0.25,630957.3444801943,794328.2347242822,1,52783290
Combined,1.0,0.25,794328.2347242822,1000000.0,0,52783290
Combined,1.0,0.25,1000000.0,1258925.4117941686,0,52783290
Combined,1.0,0.25,1258925.4117941686,1584893.1924611141,0,52783290
Combined,1.0,0.25,1584893.1924611141,1995262.3149688828,0,52783290
Combined,1.0,0.25,1995262.3149688828,2511886.4315095823,0,52783290
Combined,1.0,0.25,2511886.4315095823,3162277.6601683795,0,52783290
Combined,1.0,0.25,3162277.6601683795,3981071.7055349774,0,52783290
Combined,1.0,0.25,3981071.7055349774,5011872.336272725,0,52783290
Combined,1.0,0.25,5011872.336272725,6309573.444801942,0,52783290
Combined,1.0,0.25,6309573.444801942,7943282.347242822,0,52783290
Combined,1.0,0.25,7943282.347242822,10000000.0,0,52783290
Combined,1.0,0.4,1.0,1.2589254117941673,719,52783290
Combined,1.0,0.4,1.2589254117941673,1.5848931924611136,75,52783290
Combined,1.0,0.4,1.5848931924611136,1.9952623149688797,658,52783290
Combined,1.0,0.4,1.9952623149688797,2.51188643150958,1423,52783290
Combined,1.0,0.4,2.51188643150958,3.1622776601683795,765,52783290
Combined,1.0,0.4,3.1622776601683795,3.981071705534973,1643,52783290
Combined,1.0,0.4,3.981071705534973,5.011872336272724,3102,52783290
Combined,1.0,0.4,5.011872336272724,6.309573444801933,3571,52783290
Combined,1.0,0.4,6.309573444801933,7.943282347242816,6761,52783290
Combined,1.0,0.4,7.943282347242816,10.0,19843,52783290
Combined,1.0,0.4,10.0,12.589254117941675,27173,52783290
Combined,1.0,0.4,12.589254117941675,15.848931924611142,46130,52783290
Combined,1.0,0.4,15.848931924611142,19.952623149688797,57660,52783290
Combined,1.0,0.4,19.952623149688797,25.11886431509581,102328,52783290
Combined,1.0,0.4,25.11886431509581,31.622776601683793,144209,52783290
Combined,1.0,0.4,31.622776601683793,39.810717055349734,235652,52783290
Combined,1.0,0.4,39.810717055349734,50.11872336272725,286132,52783290
Combined,1.0,0.4,50.11872336272725,63.09573444801933,398084,52783290
Combined,1.0,0.4,63.09573444801933,79.43282347242817,498031,52783290
Combined,1.0,0.4,79.43282347242817,100.0,647088,52783290
Combined,1.0,0.4,100.0,125.89254117941675,867967,52783290
Combined,1.0,0.4,125.89254117941675,158.48931924611142,1145732,52783290
Combined,1.0,0.4,158.48931924611142,199.52623149688807,1480133,52783290
Combined,1.0,0.4,199.52623149688807,251.18864315095823,1922168,52783290
Combined,1.0,0.4,251.18864315095823,316.22776601683796,2509713,52783290
Combined,1.0,0.4,316.22776601683796,398.1071705534973,3349875,52783290
Combined,1.0,0.4,398.1071705534973,501.18723362727246,4337470,52783290
Combined,1.0,0.4,501.18723362727246,630.9573444801937,5793524,52783290
Combined,1.0,0.4,630.9573444801937,794.3282347242822,7102815,52783290
Combined,1.0,0.4,794.3282347242822,1000.0,8493661,52783290
Combined,1.0,0.4,1000.0,1258.9254117941675,9891959,52783290
Combined,1.0,0.4,1258.9254117941675,1584.893192461114,11295235,52783290
Combined,1.0,0.4,1584.893192461114,1995.262314968881,12217678,52783290
Combined,1.0,0.4,1995.262314968881,2511.886431509582,12471240,52783290
Combined,1.0,0.4,2511.886431509582,3162.2776601683795,12024973,52783290
Combined,1.0,0.4,3162.2776601683795,3981.0717055349733,11013970,52783290
Combined,1.0,0.4,3981.0717055349733,5011.872336272725,9557367,52783290
Combined,1.0,0.4,5011.872336272725,6309.573444801937,7876287,52783290
Combined,1.0,0.4,6309.573444801937,7943.282347242822,6175579,52783290
Combined,1.0,0.4,7943.282347242822,10000.0,4603940,52783290
Combined,1.0,0.4,10000.0,12589.254117941688,3266423,52783290
Combined,1.0,0.4,12589.254117941688,15848.93192461114,2216635,52783290
Combined,1.0,0.4,15848.93192461114,19952.62314968879,1451805,52783290
Combined,1.0,0.4,19952.62314968879,25118.864315095823,922241,52783290
Combined,1.0,0.4,25118.864315095823,31622.776601683792,563939,52783290
Combined,1.0,0.4,31622.776601683792,39810.71705534977,327979,52783290
Combined,1.0,0.4,39810.71705534977,50118.72336272725,177845,52783290
Combined,1.0,0.4,50118.72336272725,63095.73444801943,90980,52783290
Combined,1.0,0.4,63095.73444801943,79432.82347242821,44008,52783290
Combined,1.0,0.4,79432.82347242821,100000.0,20173,52783290
Combined,1.0,0.4,100000.0,125892.54117941688,8876,52783290
Combined,1.0,0.4,125892.54117941688,158489.3192461114,3815,52783290
Combined,1.0,0.4,158489.3192461114,199526.2314968883,1653,52783290
Combined,1.0,0.4,199526.2314968883,251188.6431509582,597,52783290
Combined,1.0,0.4,251188.6431509582,316227.7660168379,225,52783290
Combined,1.0,0.4,316227.7660168379,398107.17055349774,63,52783290
Combined,1.0,0.4,398107.17055349774,501187.2336272725,11,52783290
Combined,1.0,0.4,501187.2336272725,630957.3444801943,1,52783290
Combined,1.0,0.4,630957.3444801943,794328.2347242822,0,52783290
Combined,1.0,0.4,794328.2347242822,1000000.0,0,52783290
Combined,1.0,0.4,1000000.0,1258925.4117941686,0,52783290
Combined,1.0,0.4,1258925.4117941686,1584893.1924611141,0,52783290
Combined,1.0,0.4,1584893.1924611141,1995262.3149688828,0,52783290
Combined,1.0,0.4,1995262.3149688828,2511886.4315095823,0,52783290
Combined,1.0,0.4,2511886.4315095823,3162277.6601683795,0,52783290
Combined,1.0,0.4,3162277.6601683795,3981071.7055349774,0,52783290
Combined,1.0,0.4,3981071.7055349774,5011872.336272725,0,52783290
Combined,1.0,0.4,5011872.336272725,6309573.444801942,0,52783290
Combined,1.0,0.4,6309573.444801942,7943282.347242822,0,52783290
Combined,1.0,0.4,7943282.347242822,10000000.0,0,52783290
Combined,1.5,0.1,1.0,1.2589254117941673,10345,52783290
Combined,1.5,0.1,1.2589254117941673,1.5848931924611136,15956,52783290
Combined,1.5,0.1,1.5848931924611136,1.9952623149688797,29063,52783290
Combined,1.5,0.1,1.9952623149688797,2.51188643150958,55443,52783290
Combined,1.5,0.1,2.51188643150958,3.1622776601683795,72460,52783290
Combined,1.5,0.1,3.1622776601683795,3.981071705534973,109353,52783290
Combined,1.5,0.1,3.981071705534973,5.011872336272724,187685,52783290
Combined,1.5,0.1,5.011872336272724,6.309573444801933,310433,52783290
Combined,1.5,0.1,6.309573444801933,7.943282347242816,400314,52783290
Combined,1.5,0.1,7.943282347242816,10.0,572353,52783290
Combined,1.5,0.1,10.0,12.589254117941675,784779,52783290
Combined,1.5,0.1,12.589254117941675,15.848931924611142,1056342,52783290
Combined,1.5,0.1,15.848931924611142,19.952623149688797,1411610,52783290
Combined,1.5,0.1,19.952623149688797,25.11886431509581,1874301,52783290
Combined,1.5,0.1,25.11886431509581,31.622776601683793,2488723,52783290
Combined,1.5,0.1,31.622776601683793,39.810717055349734,3269283,52783290
Combined,1.5,0.1,39.810717055349734,50.11872336272725,4263753,52783290
Combined,1.5,0.1,50.11872336272725,63.09573444801933,5676058,52783290
Combined,1.5,0.1,63.09573444801933,79.43282347242817,7333046,52783290
Combined,1.5,0.1,79.43282347242817,100.0,9768433,52783290
Combined,1.5,0.1,100.0,125.89254117941675,12362133,52783290
Combined,1.5,0.1,125.89254117941675,158.48931924611142,15611013,52783290
Combined,1.5,0.1,158.48931924611142,199.52623149688807,19185583,52783290
Combined,1.5,0.1,199.52623149688807,251.18864315095823,23178729,52783290
Combined,1.5,0.1,251.18864315095823,316.22776601683796,27237019,52783290
Combined,1.5,0.1,316.22776601683796,398.1071705534973,31038482,52783290
Combined,1.5,0.1,398.1071705534973,501.18723362727246,34290892,52783290
Combined,1.5,0.1,501.18723362727246,630.9573444801937,36784314,52783290
Combined,1.5,0.1,630.9573444801937,794.3282347242822,38196559,52783290
Combined,1.5,0.1,794.3282347242822,1000.0,38516447,52783290
Combined,1.5,0.1,1000.0,1258.9254117941675,37697230,52783290
Combined,1.5,0.1,1258.9254117941675,1584.893192461114,35908309,52783290
Combined,1.5,0.1,1584.893192461114,1995.262314968881,33108314,52783290
Combined,1.5,0.1,1995.262314968881,2511.886431509582,29502640,52783290
Combined,1.5,0.1,2511.886431509582,3162.2776601683795,25331998,52783290
Combined,1.5,0.1,3162.2776601683795,3981.0717055349733,20996567,52783290
Combined,1.5,0.1,3981.0717055349733,5011.872336272725,16747598,52783290
Combined,1.5,0.1,5011.872336272725,6309.573444801937,12843344,52783290
Combined,1.5,0.1,6309.573444801937,7943.282347242822,9472563,52783290
Combined,1.5,0.1,7943.282347242822,10000.0,6713661,52783290
Combined,1.5,0.1,10000.0,12589.254117941688,4571392,52783290
Combined,1.5,0.1,12589.254117941688,15848.93192461114,2995007,52783290
Combined,1.5,0.1,15848.93192461114,19952.62314968879,1897019,52783290
Combined,1.5,0.1,19952.62314968879,25118.864315095823,1162012,52783290
Combined,1.5,0.1,25118.864315095823,31622.776601683792,685730,52783290
Combined,1.5,0.1,31622.776601683792,39810.71705534977,386774,52783290
Combined,1.5,0.1,39810.71705534977,50118.72336272725,204880,52783290
Combined,1.5,0.1,50118.72336272725,63095.73444801943,102888,52783290
Combined,1.5,0.1,63095.73444801943,79432.82347242821,49036,52783290
Combined,1.5,0.1,79432.82347242821,100000.0,22321,52783290
Combined,1.5,0.1,100000.0,125892.54117941688,9694,52783290
Combined,1.5,0.1,125892.54117941688,158489.3192461114,4104,52783290
Combined,1.5,0.1,158489.3192461114,199526.2314968883,1736,52783290
Combined,1.5,0.1,199526.2314968883,251188.6431509582,617,52783290
Combined,1.5,0.1,251188.6431509582,316227.7660168379,226,52783290
Combined,1.5,0.1,316227.7660168379,398107.17055349774,63,52783290
Combined,1.5,0.1,398107.17055349774,501187.2336272725,11,52783290
Combined,1.5,0.1,501187.2336272725,630957.3444801943,1,52783290
Combined,1.5,0.1,630957.3444801943,794328.2347242822,0,52783290
Combined,1.5,0.1,794328.2347242822,1000000.0,0,52783290
Combined,1.5,0.1,1000000.0,1258925.4117941686,0,52783290
Combined,1.5,0.1,1258925.4117941686,1584893.1924611141,0,52783290
Combined,1.5,0.1,1584893.1924611141,1995262.3149688828,0,52783290
Combined,1.5,0.1,1995262.3149688828,2511886.4315095823,0,52783290
Combined,1.5,0.1,2511886.4315095823,3162277.6601683795,0,52783290
Combined,1.5,0.1,3162277.6601683795,3981071.7055349774,0,52783290
Combined,1.5,0.1,3981071.7055349774,5011872.336272725,0,52783290
Combined,1.5,0.1,5011872.336272725,6309573.444801942,0,52783290
Combined,1.5,0.1,6309573.444801942,7943282.347242822,0,52783290
Combined,1.5,0.1,7943282.347242822,10000000.0,0,52783290
Combined,1.5,0.25,1.0,1.2589254117941673,2142,52783290
Combined,1.5,0.25,1.2589254117941673,1.5848931924611136,2301,52783290
Combined,1.5,0.25,1.5848931924611136,1.9952623149688797,3359,52783290
Combined,1.5,0.25,1.9952623149688797,2.51188643150958,5854,52783290
Combined,1.5,0.25,2.51188643150958,3.1622776601683795,8968,52783290
Combined,1.5,0.25,3.1622776601683795,3.981071705534973,14618,52783290
Combined,1.5,0.25,3.981071705534973,5.011872336272724,29902,52783290
Combined,1.5,0.25,5.011872336272724,6.309573444801933,52205,52783290
Combined,1.5,0.25,6.309573444801933,7.943282347242816,68721,52783290
Combined,1.5,0.25,7.943282347242816,10.0,104237,52783290
Combined,1.5,0.25,10.0,12.589254117941675,179157,52783290
Combined,1.5,0.25,12.589254117941675,15.848931924611142,288613,52783290
Combined,1.5,0.25,15.848931924611142,19.952623149688797,369195,52783290
Combined,1.5,0.25,19.952623149688797,25.11886431509581,524749,52783290
Combined,1.5,0.25,25.11886431509581,31.622776601683793,705778,52783290
Combined,1.5,0.25,31.622776601683793,39.810717055349734,932607,52783290
Combined,1.5,0.25,39.810717055349734,50.11872336272725,1243450,52783290
Combined,1.5,0.25,50.11872336272725,63.09573444801933,1596087,52783290
Combined,1.5,0.25,63.09573444801933,79.43282347242817,2113914,52783290
Combined,1.5,0.25,79.43282347242817,100.0,2744856,52783290
Combined,1.5,0.25,100.0,125.89254117941675,3598742,52783290
Combined,1.5,0.25,125.89254117941675,158.48931924611142,4781115,52783290
Combined,1.5,0.25,158.48931924611142,199.52623149688807,6177209,52783290
Combined,1.5,0.25,199.52623149688807,251.18864315095823,8259403,52783290
Combined,1.5,0.25,251.18864315095823,316.22776601683796,10345063,52783290
Combined,1.5,0.25,316.22776601683796,398.1071705534973,12980309,52783290
Combined,1.5,0.25,398.1071705534973,501.18723362727246,15762780,52783290
Combined,1.5,0.25,501.18723362727246,630.9573444801937,18607311,52783290
Combined,1.5,0.25,630.9573444801937,794.3282347242822,21280683,52783290
Combined,1.5,0.25,794.3282347242822,1000.0,23128890,52783290
Combined,1.5,0.25,1000.0,1258.9254117941675,24335441,52783290
Combined,1.5,0.25,1258.9254117941675,1584.893192461114,24478871,52783290
Combined,1.5,0.25,1584.893192461114,1995.262314968881,23433808,52783290
Combined,1.5,0.25,1995.262314968881,2511.886431509582,21389673,52783290
Combined,1.5,0.25,2511.886431509582,3162.2776601683795,18576978,52783290
Combined,1.5,0.25,3162.2776601683795,3981.0717055349733,15428022,52783290
Combined,1.5,0.25,3981.0717055349733,5011.872336272725,12248647,52783290
Combined,1.5,0.25,5011.872336272725,6309.573444801937,9288284,52783290
Combined,1.5,0.25,6309.573444801937,7943.282347242822,6752737,52783290
Combined,1.5,0.25,7943.282347242822,10000.0,4701842,52783290
Combined,1.5,0.25,10000.0,12589.254117941688,3144524,52783290
Combined,1.5,0.25,12589.254117941688,15848.93192461114,2025198,52783290
Combined,1.5,0.25,15848.93192461114,19952.62314968879,1259439,52783290
Combined,1.5,0.25,19952.62314968879,25118.864315095823,753997,52783290
Combined,1.5,0.25,25118.864315095823,31622.776601683792,432101,52783290
Combined,1.5,0.25,31622.776601683792,39810.71705534977,232677,52783290
Combined,1.5,0.25,39810.71705534977,50118.72336272725,118347,52783290
Combined,1.5,0.25,50118.72336272725,63095.73444801943,57111,52783290
Combined,1.5,0.25,63095.73444801943,79432.82347242821,26260,52783290
Combined,1.5,0.25,79432.82347242821,100000.0,11558,52783290
Combined,1.5,0.25,100000.0,125892.54117941688,4903,52783290
Combined,1.5,0.25,125892.54117941688,158489.3192461114,2102,52783290
Combined,1.5,0.25,158489.3192461114,199526.2314968883,783,52783290
Combined,1.5,0.25,199526.2314968883,251188.6431509582,279,52783290
Combined,1.5,0.25,251188.6431509582,316227.7660168379,80,52783290
Combined,1.5,0.25,316227.7660168379,398107.17055349774,17,52783290
Combined,1.5,0.25,398107.17055349774,501187.2336272725,1,52783290
Combined,1.5,0.25,501187.2336272725,630957.3444801943,0,52783290
Combined,1.5,0.25,630957.3444801943,794328.2347242822,0,52783290
Combined,1.5,0.25,794328.2347242822,1000000.0,0,52783290
Combined,1.5,0.25,1000000.0,1258925.4117941686,0,52783290
Combined,1.5,0.25,1258925.4117941686,1584893.1924611141,0,52783290
Combined,1.5,0.25,1584893.1924611141,1995262.3149688828,0,52783290
Combined,1.5,0.25,1995262.3149688828,2511886.4315095823,0,52783290
Combined,1.5,0.25,2511886.4315095823,3162277.6601683795,0,52783290
Combined,1.5,0.25,3162277.6601683795,3981071.7055349774,0,52783290
Combined,1.5,0.25,3981071.7055349774,5011872.336272725,0,52783290
Combined,1.5,0.25,5011872.336272725,6309573.444801942,0,52783290
Combined,1.5,0.25,6309573.444801942,7943282.347242822,0,52783290
Combined,1.5,0.25,7943282.347242822,10000000.0,0,52783290
Combined,1.5,0.4,1.0,1.2589254117941673,658,52783290
Combined,1.5,0.4,1.2589254117941673,1.5848931924611136,658,52783290
Combined,1.5,0.4,1.5848931924611136,1.9952623149688797,1423,52783290
Combined,1.5,0.4,1.9952623149688797,2.51188643150958,1643,52783290
Combined,1.5,0.4,2.51188643150958,3.1622776601683795,1936,52783290
Combined,1.5,0.4,3.1622776601683795,3.981071705534973,4428,52783290
Combined,1.5,0.4,3.981071705534973,5.011872336272724,7210,52783290
Combined,1.5,0.4,5.011872336272724,6.309573444801933,11356,52783290
Combined,1.5,0.4,6.309573444801933,7.943282347242816,23006,52783290
Combined,1.5,0.4,7.943282347242816,10.0,45229,52783290
Combined,1.5,0.4,10.0,12.589254117941675,48578,52783290
Combined,1.5,0.4,12.589254117941675,15.848931924611142,75160,52783290
Combined,1.5,0.4,15.848931924611142,19.952623149688797,130723,52783290
Combined,1.5,0.4,19.952623149688797,25.11886431509581,227695,52783290
Combined,1.5,0.4,25.11886431509581,31.622776601683793,257508,52783290
Combined,1.5,0.4,31.622776601683793,39.810717055349734,370603,52783290
Combined,1.5,0.4,39.810717055349734,50.11872336272725,456811,52783290
Combined,1.5,0.4,50.11872336272725,63.09573444801933,624391,52783290
Combined,1.5,0.4,63.09573444801933,79.43282347242817,801028,52783290
Combined,1.5,0.4,79.43282347242817,100.0,1060816,52783290
Combined,1.5,0.4,100.0,125.89254117941675,1391753,52783290
Combined,1.5,0.4,125.89254117941675,158.48931924611142,1813404,52783290
Combined,1.5,0.4,158.48931924611142,199.52623149688807,2357411,52783290
Combined,1.5,0.4,199.52623149688807,251.18864315095823,3154589,52783290
Combined,1.5,0.4,251.18864315095823,316.22776601683796,4072858,52783290
Combined,1.5,0.4,316.22776601683796,398.1071705534973,5523224,52783290
Combined,1.5,0.4,398.1071705534973,501.18723362727246,6706777,52783290
Combined,1.5,0.4,501.18723362727246,630.9573444801937,8299183,52783290
Combined,1.5,0.4,630.9573444801937,794.3282347242822,9531353,52783290
Combined,1.5,0.4,794.3282347242822,1000.0,10968597,52783290
Combined,1.5,0.4,1000.0,1258.9254117941675,12060892,52783290
Combined,1.5,0.4,1258.9254117941675,1584.893192461114,12534428,52783290
Combined,1.5,0.4,1584.893192461114,1995.262314968881,12218623,52783290
Combined,1.5,0.4,1995.262314968881,2511.886431509582,11290188,52783290
Combined,1.5,0.4,2511.886431509582,3162.2776601683795,9933796,52783290
Combined,1.5,0.4,3162.2776601683795,3981.0717055349733,8284918,52783290
Combined,1.5,0.4,3981.0717055349733,5011.872336272725,6571485,52783290
Combined,1.5,0.4,5011.872336272725,6309.573444801937,4960496,52783290
Combined,1.5,0.4,6309.573444801937,7943.282347242822,3560565,52783290
Combined,1.5,0.4,7943.282347242822,10000.0,2441973,52783290
Combined,1.5,0.4,10000.0,12589.254117941688,1611576,52783290
Combined,1.5,0.4,12589.254117941688,15848.93192461114,1030833,52783290
Combined,1.5,0.4,15848.93192461114,19952.62314968879,636961,52783290
Combined,1.5,0.4,19952.62314968879,25118.864315095823,375884,52783290
Combined,1.5,0.4,25118.864315095823,31622.776601683792,207398,52783290
Combined,1.5,0.4,31622.776601683792,39810.71705534977,107400,52783290
Combined,1.5,0.4,39810.71705534977,50118.72336272725,52647,52783290
Combined,1.5,0.4,50118.72336272725,63095.73444801943,24412,52783290
Combined,1.5,0.4,63095.73444801943,79432.82347242821,10856,52783290
Combined,1.5,0.4,79432.82347242821,100000.0,4655,52783290
Combined,1.5,0.4,100000.0,125892.54117941688,2031,52783290
Combined,1.5,0.4,125892.54117941688,158489.3192461114,787,52783290
Combined,1.5,0.4,158489.3192461114,199526.2314968883,284,52783290
Combined,1.5,0.4,199526.2314968883,251188.6431509582,83,52783290
Combined,1.5,0.4,251188.6431509582,316227.7660168379,20,52783290
Combined,1.5,0.4,316227.7660168379,398107.17055349774,1,52783290
Combined,1.5,0.4,398107.17055349774,501187.2336272725,0,52783290
Combined,1.5,0.4,501187.2336272725,630957.3444801943,0,52783290
Combined,1.5,0.4,630957.3444801943,794328.2347242822,0,52783290
Combined,1.5,0.4,794328.2347242822,1000000.0,0,52783290
Combined,1.5,0.4,1000000.0,1258925.4117941686,0,52783290
Combined,1.5,0.4,1258925.4117941686,1584893.1924611141,0,52783290
Combined,1.5,0.4,1584893.1924611141,1995262.3149688828,0,52783290
Combined,1.5,0.4,1995262.3149688828,2511886.4315095823,0,52783290
Combined,1.5,0.4,2511886.4315095823,3162277.6601683795,0,52783290
Combined,1.5,0.4,3162277.6601683795,3981071.7055349774,0,52783290
Combined,1.5,0.4,3981071.7055349774,5011872.336272725,0,52783290
Combined,1.5,0.4,5011872.336272725,6309573.444801942,0,52783290
Combined,1.5,0.4,6309573.444801942,7943282.347242822,0,52783290
Combined,1.5,0.4,7943282.347242822,10000000.0,0,52783290
